Bill Name,Bio Description,Sponsored By,Introduced On
H.Res. 911," Relating to House Resolution 891, and providing for consideration of the Senate amendment to the bill (H.R. 748) to amend the Internal Revenue Code of 1986 to repeal the excise tax on high cost employer-sponsored health coverage.", Rep. Steny Hoyer [D-MD5],"Mar 27, 2020
"
H.Res. 905, Relating to House Resolution 891., Rep. Jamie Raskin [D-MD8],"Mar 19, 2020
"
H.Res. 904, Directing the Clerk of the House of Representatives to make corrections in the engrossment of H.R. 6201., Rep. Richard Neal [D-MA1],"Mar 16, 2020
"
H.Res. 903, Ranking a Member of a certain standing committee of the House of Representatives., Rep. Liz Cheney [R-WY0],"Mar 13, 2020
"
H.Con.Res. 87, Authorizing the use of Emancipation Hall for a ceremony as part of the commemoration of the days of remembrance of victims of the Holocaust., Rep. Bradley Schneider [D-IL10],"Feb 5, 2020
"
S.Res. 540, A resolution recognizing the contributions of AmeriCorps members and alumni to the lives of the people of the United States., Sen. Chris Coons [D-DE],"Mar 11, 2020
"
H.Con.Res. 91, Authorizing the use of Emancipation Hall in the Capitol Visitor Center for a ceremony to present the Congressional Gold Medal collectively to the Chinese-American veterans of World War II., Rep. Ted Lieu [D-CA33],"Feb 25, 2020
"
S.Res. 541, A resolution recognizing and celebrating the 200th anniversary of the entry of Maine into the Union as the 23d State., Sen. Susan Collins [R-ME],"Mar 11, 2020
"
H.Res. 891, Providing for consideration of the joint resolution (S.J. Res. 68) to direct the removal of United States Armed Forces from hostilities against the Islamic Republic of Iran that have not been authorized by Congress; providing for consideratio, Rep. James “Jim” McGovern [D-MA2],"Mar 10, 2020
"
H.Res. 756, Moving Our Democracy and Congressional Operations Towards Modernization Resolution, Rep. Derek Kilmer [D-WA6],"Dec 10, 2019
"
H.Res. 754," Expressing the sense of the House of Representatives that the United States should continue to support the people of Nicaragua in their peaceful efforts to promote democracy and human rights, and use the tools under United States law to incre", Rep. Albio Sires [D-NJ8],"Dec 9, 2019
"
H.Res. 410, Encouraging reunions of divided Korean-American families., Rep. Karen Bass [D-CA37],"May 30, 2019
"
S.Res. 535," A resolution designating March 5, 2020, as “National ‘Slam the Scam’ Day” to raise awareness about the increasing number of government imposter scams, to encourage the implementation of policies to prevent government imposter scams, and to en", Sen. Susan Collins [R-ME],"Mar 5, 2020
"
S.Res. 529," A resolution designating February 29, 2020, as “Rare Disease Day”.", Sen. Sherrod Brown [D-OH],"Mar 4, 2020
"
H.Res. 877," Providing for consideration of the bill (H.R. 1140) to enhance the security operations of the Transportation Security Administration and stability of the transportation security workforce by applying the personnel system under title 5, United", Rep. Mary Scanlon [D-PA5],"Mar 2, 2020
"
S.Res. 530," A resolution designating March 4, 2020, as “National Assistive Technology Awareness Day”.", Sen. Robert “Bob” Casey [D-PA],"Mar 4, 2020
"
H.Res. 230, Expressing the sense of the House of Representatives that the United States condemns all forms of violence against children globally and recognizes the harmful impacts of violence against children., Rep. James “Jim” McGovern [D-MA2],"Mar 14, 2019
"
H.Res. 387, Condemning continued violence against civilians by armed groups in the Central African Republic and supporting efforts to achieve a lasting political solution to the conflict., Rep. David Cicilline [D-RI1],"May 16, 2019
"
S.Res. 497, A resolution commemorating the life of Dr. Li Wenliang and calling for transparency and cooperation from the Government of the People’s Republic of China and the Communist Party of China., Sen. Tom Cotton [R-AR],"Feb 11, 2020
"
S.Res. 518, A resolution honoring the 100th anniversary of Disabled American Veterans., Sen. Jerry Moran [R-KS],"Feb 27, 2020
"
H.Res. 866," Providing for consideration of the bill (H.R. 2339) to amend the Federal Food, Drug, and Cosmetic Act with respect to the sale and marketing of tobacco products, and for other purposes.", Rep. Donna Shalala [D-FL27],"Feb 26, 2020
"
S.Res. 517, A resolution honoring the life and legacy of Judge Nathaniel R. Jones., Sen. Sherrod Brown [D-OH],"Feb 27, 2020
"
S.Res. 519, A resolution honoring the life and achievements of Katherine Coleman Goble Johnson., Sen. Joe Manchin [D-WV],"Feb 27, 2020
"
S.Res. 521," A resolution designating the week of February 24 through February 28, 2020, as “Public Schools Week”.", Sen. Susan Collins [R-ME],"Feb 27, 2020
"
S.Res. 522," A resolution electing Robert M. Duncan, of the District of Columbia, as Secretary for the Majority of the Senate.", Sen. Mitch McConnell [R-KY],"Feb 27, 2020
"
S.Res. 480, A resolution raising awareness and encouraging the prevention of stalking by designating January 2020 as “National Stalking Awareness Month”., Sen. Amy Klobuchar [D-MN],"Jan 21, 2020
"
H.Res. 870, Electing a Member to a certain standing committee of the House of Representatives and ranking a Member on certain standing committees of the House of Representatives., Rep. Hakeem Jeffries [D-NY8],"Feb 27, 2020
"
S.Res. 520," A resolution designating March 6, 2020, as “National Speech and Debate Education Day”.", Sen. Charles “Chuck” Grassley [R-IA],"Feb 27, 2020
"
S.Res. 514, A resolution expressing the sense of the Senate that Donald Stratton be remembered for a lifetime of heroism and service to the United States., Sen. Cory Gardner [R-CO],"Feb 27, 2020
"
S.Res. 512," A resolution designating March 2, 2020, as “Read Across America Day”.", Sen. Susan Collins [R-ME],"Feb 27, 2020
"
S.Res. 515, A resolution supporting the goals and ideals of Career and Technical Education Month., Sen. Timothy “Tim” Kaine [D-VA],"Feb 27, 2020
"
S.Res. 315, A resolution memorializing the discovery of the Clotilda., Sen. Doug Jones [D-AL],"Sep 17, 2019
"
S.Res. 508, A resolution commemorating the 150th anniversary of the historic seating of Hiram Rhodes Revels as the first African American United States Senator., Sen. Roger Wicker [R-MS],"Feb 27, 2020
"
S.Res. 513," A resolution designating February 2020 as “American Heart Month” and February 7, 2020, as “National Wear Red Day”.", Sen. Kyrsten Sinema [D-AZ],"Feb 27, 2020
"
S.Res. 516, A resolution celebrating Black History Month., Sen. Cory Booker [D-NJ],"Feb 27, 2020
"
S.Res. 481, A resolution commemorating the 75th anniversary of the liberation of the Auschwitz extermination camp in Nazi-occupied Poland., Sen. Jacky Rosen [D-NV],"Jan 21, 2020
"
S.Res. 490, A resolution congratulating the Kansas City Chiefs on their victory in Super Bowl LIV in the successful 100th season of the National Football League., Sen. Roy Blunt [R-MO],"Feb 3, 2020
"
S.Res. 475," A resolution recognizing the leading role of Utahns in the fight for women’s suffrage and celebrating the sesquicentennial of the first votes by women under the equal suffrage law of Utah on February 14, 1870.", Sen. Mitt Romney [R-UT],"Jan 16, 2020
"
S.Res. 504," A resolution honoring the memories of the victims of the senseless attack at Marjory Stoneman Douglas High School on February 14, 2018.", Sen. Rick Scott [R-FL],"Feb 13, 2020
"
S.Res. 503, A resolution commending the University of West Florida Argonauts football team for its National Collegiate Athletic Association Division II national championship victory., Sen. Rick Scott [R-FL],"Feb 13, 2020
"
S.Res. 491," A resolution designating the week beginning February 2, 2020, as “National Tribal Colleges and University Week”.", Sen. Jon Tester [D-MT],"Feb 5, 2020
"
H.Res. 844," Providing for consideration of the bill (H.R. 2546) to designate certain lands in the State of Colorado as components of the National Wilderness Preservation System, and for other purposes; providing for consideration of the joint resolution ", Rep. Mary Scanlon [D-PA5],"Feb 10, 2020
"
H.Res. 833," Providing for consideration of the resolution (H. Res. 826) expressing disapproval of the Trump administration’s harmful actions towards Medicaid; providing for consideration of the bill (H.R. 2474) to amend the National Labor Relations Act, ", Rep. Mark DeSaulnier [D-CA11],"Feb 5, 2020
"
H.Res. 826, Expressing disapproval of the Trump administration’s harmful actions towards Medicaid., Rep. Marc Veasey [D-TX33],"Feb 3, 2020
"
H.Res. 812, Making a technical correction to the SFC Sean Cooley and SPC Christopher Horton Congressional Gold Star Family Fellowship Program Act., Rep. Zoe Lofgren [D-CA19],"Jan 27, 2020
"
S.Res. 493," A resolution to authorize testimony, documents, and representation in United States v. Stahlnecker.", Sen. Mitch McConnell [R-KY],"Feb 5, 2020
"
S.Res. 488," A resolution to provide for related procedures concerning the articles of impeachment against Donald John Trump, President of the United States.", Sen. Mitch McConnell [R-KY],"Jan 31, 2020
"
H.Con.Res. 86, Providing for a joint session of Congress to receive a message from the President., Rep. Steny Hoyer [D-MD5],"Jan 28, 2020
"
H.Res. 752," Supporting the rights of the people of Iran to free expression, condemning the Iranian regime for its crackdown on legitimate protests, and for other purposes.", Rep. Theodore Deutch [D-FL22],"Dec 9, 2019
"
H.Res. 811," Providing for consideration of the bill (H.R. 3621) to amend the Fair Credit Reporting Act to remove adverse information for certain defaulted or delinquent private education loan borrowers who demonstrate a history of loan repayment, and for", Rep. Jamie Raskin [D-MD8],"Jan 27, 2020
"
S.Res. 483," A resolution to provide for related procedures concerning the articles of impeachment against Donald John Trump, President of the United States.", Sen. Mitch McConnell [R-KY],"Jan 21, 2020
"
H.Res. 801, Electing Members to certain standing committees of the House of Representatives., Rep. Liz Cheney [R-WY0],"Jan 16, 2020
"
S.Res. 474," A resolution to authorize representation by the Senate Legal Counsel in the case of Martin F. McMahon v. Senator Ted Cruz, et al.", Sen. Charles “Chuck” Schumer [D-NY],"Jan 16, 2020
"
S.Res. 477," A resolution designating the week of February 3 through 7, 2020, as “National School Counseling Week”.", Sen. Patty Murray [D-WA],"Jan 16, 2020
"
S.Res. 478," A resolution designating the week of January 26 through February 1, 2020, as “National School Choice Week”.", Sen. Tim Scott [R-SC],"Jan 16, 2020
"
S.Res. 476, A resolution congratulating the North Dakota State University Bison football team for winning the 2019 National Collegiate Athletic Association Division I Football Championship Subdivision title., Sen. John Hoeven [R-ND],"Jan 16, 2020
"
H.Res. 798," Appointing and authorizing managers for the impeachment trial of Donald John Trump, President of the United States.", Rep. Jerrold Nadler [D-NY10],"Jan 15, 2020
"
S.Res. 471, A resolution authorizing the taking of a photograph in the Chamber of the United States Senate., Sen. Mitch McConnell [R-KY],"Jan 15, 2020
"
S.Res. 472, A resolution commending the Louisiana State University Tigers football team for winning the 2020 College Football Playoff National Championship., Sen. Bill Cassidy [R-LA],"Jan 15, 2020
"
S.Res. 473," A resolution congratulating the University of Charleston men’s soccer team for winning the National Collegiate Athletic Association Division II Men’s Soccer Championship at Highmark Stadium in Pittsburgh, Pennsylvania.", Sen. Joe Manchin [D-WV],"Jan 15, 2020
"
S.Res. 371, A resolution reaffirming the support of the United States for the people of the Republic of South Sudan and calling on all parties to uphold their commitments to peace and dialogue as outlined in the 2018 revitalized peace agreement., Sen. Chris Coons [D-DE],"Oct 22, 2019
"
H.Res. 793, Electing a certain Member to a certain standing committee of the House of Representatives., Rep. Hakeem Jeffries [D-NY8],"Jan 14, 2020
"
S.Res. 260, A resolution recognizing the importance of sustained United States leadership to accelerating global progress against maternal and child malnutrition and supporting the commitment of the United States Agency for International Development to r, Sen. Susan Collins [R-ME],"Jun 24, 2019
"
S.Res. 375, A resolution recognizing the 75th anniversary of the Warsaw Uprising., Sen. Robert “Rob” Portman [R-OH],"Oct 23, 2019
"
H.Res. 790," Providing for consideration of the bill (H.R. 1230) to amend the Age Discrimination in Employment Act of 1967 and other laws to clarify appropriate standards for Federal employment discrimination and retaliation claims, and for other purposes", Rep. Mark DeSaulnier [D-CA11],"Jan 13, 2020
"
S.Res. 468," A resolution relative to the death of the Honorable Jocelyn Burdick, former United States Senator for the State of North Dakota.", Sen. John Hoeven [R-ND],"Jan 13, 2020
"
H.Res. 781, Providing for consideration of the concurrent resolution (H. Con. Res. 83) directing the President pursuant to section 5(c) of the War Powers Resolution to terminate the use of United States Armed Forces to engage in hostilities in or against, Rep. James “Jim” McGovern [D-MA2],"Jan 8, 2020
"
H.Res. 575, Expressing the sense of the House of Representatives that all stakeholders in the deployment of 5G communications infrastructure should carefully consider adherence to the recommendations of “The Prague Proposals”., Rep. Bill Flores [R-TX17],"Sep 24, 2019
"
S.Res. 395," A resolution recognizing the 40th anniversary of the Iran Hostage Crisis, and for other purposes.", Sen. John “Johnny” Isakson [R-GA],"Oct 31, 2019
"
S.Res. 142," A resolution condemning the Government of the Philippines for its continued detention of Senator Leila De Lima, calling for her immediate release, and for other purposes.", Sen. Edward “Ed” Markey [D-MA],"Apr 4, 2019
"
S.Res. 152, A resolution expressing the importance of the United States alliance with the Republic of Korea and the contributions of Korean Americans in the United States., Sen. James Lankford [R-OK],"Apr 9, 2019
"
S.Res. 343," A resolution congratulating the people of the Czech Republic and the people of the Slovak Republic on the 30th anniversary of the Velvet Revolution, the 26th anniversary of the formation of the Czech Republic and the Slovak Republic, and the ", Sen. Jeanne Shaheen [D-NH],"Sep 26, 2019
"
S.Res. 385," A resolution celebrating the 30th anniversary of the fall of the Berlin Wall, the reunification of both Germany and Europe, and the spread of democracy around the world.", Sen. James Risch [R-ID],"Oct 24, 2019
"
H.Res. 779," Providing for consideration of the bill (H.R. 535) to require the Administrator of the Environmental Protection Agency to designate per- and polyfluoroalkyl substances as hazardous substances under the Comprehensive Environmental Response, Co", Rep. Mary Scanlon [D-PA5],"Jan 7, 2020
"
S.Res. 447," A resolution expressing serious concern about widespread irregularities in Bolivia’s October 20, 2019, general elections and supporting the convening of new elections in Bolivia at the earliest possible date.", Sen. James Risch [R-ID],"Dec 4, 2019
"
H.Res. 778, Providing for the hour of meeting of the House., Rep. Steny Hoyer [D-MD5],"Jan 7, 2020
"
H.Res. 776, Providing for a committee to notify the President of the assembly of the House of Representatives., Rep. Steny Hoyer [D-MD5],"Jan 7, 2020
"
H.Res. 777, To inform the Senate that a quorum of the House has assembled., Rep. Steny Hoyer [D-MD5],"Jan 7, 2020
"
S.Res. 464," A resolution to constitute the majority party’s membership on certain committees for the One Hundred Sixteenth Congress, or until their successors are chosen.", Sen. Mitch McConnell [R-KY],"Jan 6, 2020
"
S.Res. 460, A resolution congratulating the American Geophysical Union on the occasion of its centennial., Sen. Benjamin Cardin [D-MD],"Dec 19, 2019
"
H.Con.Res. 82, Directing the Clerk of the House of Representatives to make a correction in the enrollment of H.R. 1865., Rep. Nita Lowey [D-NY17],"Dec 17, 2019
"
H.Con.Res. 81, Directing the Clerk of the House of Representatives to make a correction in the enrollment of H.R. 1158., Rep. Nita Lowey [D-NY17],"Dec 17, 2019
"
H.Res. 772," Providing for consideration of the bill (H.R. 5377) to amend the Internal Revenue Code of 1986 to modify the limitation on deduction of State and local taxes, and for other purposes.", Rep. Norma Torres [D-CA35],"Dec 19, 2019
"
S.Res. 459," A resolution to constitute the majority party’s membership on certain committees for the One Hundred Sixteenth Congress, or until their successors are chosen.", Sen. Mitch McConnell [R-KY],"Dec 19, 2019
"
S.Res. 462," A resolution designating January 2020 as “National One Health Awareness Month” to promote awareness of organizations focused on public health, animal health, and environmental health collaboration throughout the United States and to recognize", Sen. Dianne Feinstein [D-CA],"Dec 19, 2019
"
H.Res. 773, Electing certain Members to a certain standing committee of the House of Representatives., Rep. Hakeem Jeffries [D-NY8],"Dec 19, 2019
"
S.Res. 461, A resolution congratulating Seattle Sounders FC on winning the 2019 Major League Soccer Cup., Sen. Maria Cantwell [D-WA],"Dec 19, 2019
"
S.Res. 450, A resolution recognizing the 71st anniversary of the Universal Declaration of Human Rights and the celebration of “Human Rights Day”., Sen. Chris Coons [D-DE],"Dec 10, 2019
"
S.Res. 457," A resolution condemning the terrorist attack at Naval Air Station Pensacola on Friday, December 6, 2019, honoring the members of the Navy who lost their lives in the attack, and expressing support and prayers for all individuals affected by t", Sen. Rick Scott [R-FL],"Dec 18, 2019
"
H.Res. 767," Providing for consideration of the resolution (H. Res. 755) impeaching Donald John Trump, President of the United States, for high crimes and misdemeanors.", Rep. James “Jim” McGovern [D-MA2],"Dec 17, 2019
"
S.Res. 456, A resolution recognizing and celebrating the 200th anniversary of the entry of Alabama into the Union as the 22d State., Sen. Richard Shelby [R-AL],"Dec 17, 2019
"
H.Res. 765," Providing for consideration of the Senate amendment to the bill (H.R. 1158) to authorize cyber incident response teams at the Department of Homeland Security, and for other purposes; providing for consideration of the Senate amendment to the ", Rep. Joseph Morelle [D-NY25],"Dec 16, 2019
"
S.Res. 150, A resolution expressing the sense of the Senate that it is the policy of the United States to commemorate the Armenian Genocide through official recognition and remembrance., Sen. Robert “Bob” Menendez [D-NJ],"Apr 9, 2019
"
S.Res. 455," A resolution to authorize representation by the Senate Legal Counsel in the Case of Richard Arjun Kaul v. Senator Charles Schumer, et al.", Sen. Mitch McConnell [R-KY],"Dec 12, 2019
"
H.Res. 758," Providing for consideration of the bill (H.R. 3) to establish a fair price negotiation program, protect the Medicare program from excessive price increases, and establish an out-of-pocket maximum for Medicare part D enrollees, and for other p", Rep. Donna Shalala [D-FL27],"Dec 10, 2019
"
S.Res. 451, A resolution congratulating astronauts Dr. Jessica U. Meir and Christina H. Koch for the historic accomplishment of completing the first all-female spacewalk., Sen. Susan Collins [R-ME],"Dec 10, 2019
"
H.Res. 748," Providing for consideration of the bill (H.R. 729) to amend the Coastal Zone Management Act of 1972 to authorize grants to Indian Tribes to further achievement of Tribal coastal zone objectives, and for other purposes.", Rep. Joseph Morelle [D-NY25],"Dec 9, 2019
"
S.Res. 448," A resolution designating December 3, 2019, as “National Phenylketonuria Awareness Day”.", Sen. John “Johnny” Isakson [R-GA],"Dec 9, 2019
"
H.Res. 326, Expressing the sense of the House of Representatives regarding United States efforts to resolve the Israeli-Palestinian conflict through a negotiated two-state solution., Rep. Alan Lowenthal [D-CA47],"Apr 25, 2019
"
H.Res. 741," Providing for consideration of the bill (H.R. 4) to amend the Voting Rights Act of 1965 to revise the criteria for determining which States and political subdivisions are subject to section 4 of the Act, and for other purposes, and providing ", Rep. Jamie Raskin [D-MD8],"Dec 4, 2019
"
S.Res. 446, A resolution authorizing the printing of tributes and other related materials in honor of the late Senator Janet Kay Hagan., Sen. Amy Klobuchar [D-MN],"Dec 4, 2019
"
H.Res. 739," Providing for consideration of the bill (H.R. 2534) to amend the Securities Exchange Act of 1934 to prohibit certain securities trading and related communications by those who possess material, nonpublic information, and relating to considera", Rep. Ed Perlmutter [D-CO7],"Dec 3, 2019
"
H.Res. 546, Disapproving the Russian Federation’s inclusion in future Group of Seven summits until it respects the territorial integrity of its neighbors and adheres to the standards of democratic societies., Rep. Albio Sires [D-NJ8],"Aug 30, 2019
"
H.Res. 585, Reaffirming support for the Good Friday Agreement and other agreements to ensure a lasting peace in Northern Ireland., Rep. Thomas Suozzi [D-NY3],"Sep 24, 2019
"
H.Res. 517," Supporting the Global Fund to fight AIDS, tuberculosis (TB), malaria, and its Sixth Replenishment.", Rep. Eliot Engel [D-NY16],"Jul 24, 2019
"
S.Res. 442, A resolution designating November 2019 as “National Runaway Prevention Month”., Sen. Tammy Duckworth [D-IL],"Nov 21, 2019
"
S.Res. 318," A resolution to support the Global Fund to fight AIDS, Tuberculosis and Malaria, and the Sixth Replenishment.", Sen. James Risch [R-ID],"Sep 18, 2019
"
S.Res. 439," A resolution designating December 1, 2019, as “Drive Safer Sunday”.", Sen. John “Johnny” Isakson [R-GA],"Nov 21, 2019
"
S.Res. 440," A resolution designating December 14, 2019, as “Wreaths Across America Day”.", Sen. Susan Collins [R-ME],"Nov 21, 2019
"
S.Res. 441, A resolution celebrating the 50th anniversary of the Apollo 12 Moon landing., Sen. John Cornyn [R-TX],"Nov 21, 2019
"
H.Res. 725, Electing a certain Member to a certain standing committee of the House of Representatives., Rep. Hakeem Jeffries [D-NY8],"Nov 21, 2019
"
H.Con.Res. 75, Directing the Clerk of the House of Representatives to make a correction in the enrollment of H.R. 3055., Rep. Nita Lowey [D-NY17],"Nov 19, 2019
"
S.Res. 435," A resolution reaffirming the importance of the General Security of Military Information Agreement between the Republic of Korea and Japan, and for other purposes.", Sen. James Risch [R-ID],"Nov 20, 2019
"
S.Res. 437, A resolution expressing support for the goals of Stomach Cancer Awareness Month., Sen. Todd Young [R-IN],"Nov 21, 2019
"
S.Res. 438," A resolution expressing support for the goals of National Adoption Month and National Adoption Day by promoting national awareness of adoption and the children waiting for adoption, celebrating children and families involved in adoption, and ", Sen. Roy Blunt [R-MO],"Nov 21, 2019
"
H.Res. 713, Providing for consideration of the bill (H.R. 1309) to direct the Secretary of Labor to issue an occupational safety and health standard that requires covered employers within the health care and social service industries to develop and imple, Rep. Mark DeSaulnier [D-CA11],"Nov 19, 2019
"
S.Res. 432, A resolution designating November 2019 as “National College Application Month”., Sen. Chris Coons [D-DE],"Nov 19, 2019
"
H.Res. 708," Providing for consideration of the Senate amendment to the bill (H.R. 3055) making appropriations for the Departments of Commerce and Justice, Science, and Related Agencies for the fiscal year ending September 30, 2020, and for other purposes", Rep. James “Jim” McGovern [D-MA2],"Nov 18, 2019
"
S.Res. 431, A resolution supporting the goals and ideals of American Diabetes Month., Sen. Jeanne Shaheen [D-NH],"Nov 19, 2019
"
S.Res. 430," A resolution designating December 10, 2019, as “Wyoming Women’s Suffrage Day”.", Sen. Michael Enzi [R-WY],"Nov 19, 2019
"
S.Res. 433," A resolution designating February 1, 2020, as “Blue Star Mother’s Day”.", Sen. Gary Peters [D-MI],"Nov 19, 2019
"
S.Res. 434, A resolution honoring the life of Nicholas Anthony Buoniconti., Sen. Marco Rubio [R-FL],"Nov 19, 2019
"
H.Res. 712, Electing Members to certain standing committees of the House of Representatives and ranking Members on certain standing committees of the House of Representatives., Rep. Hakeem Jeffries [D-NY8],"Nov 19, 2019
"
S.Res. 428, A resolution authorizing the taking of pictures and filming in the Chamber of the Senate for use by the Capitol Visitor Center., Sen. Roy Blunt [R-MO],"Nov 18, 2019
"
S.Res. 425, A resolution designating October 2019 as “National Down Syndrome Awareness Month” and supporting the goals and ideals of National Down Syndrome Awareness Month., Sen. Steve Daines [R-MT],"Nov 14, 2019
"
S.Res. 422," A resolution recognizing November 15, 2019, as “America Recycles Day” and expressing the sense of the Senate that recycling promotes a healthy economy and responsible environmental stewardship.", Sen. Thomas Carper [D-DE],"Nov 14, 2019
"
S.Res. 415, A resolution expressing the sense of the Senate that the United States Postal Service should issue a commemorative postage stamp series honoring women veterans of the Armed Forces and that the Citizens’ Stamp Advisory Committee should recomme, Sen. Elizabeth Warren [D-MA],"Nov 7, 2019
"
S.Res. 423, A resolution recognizing November 2019 as “National Homeless Children and Youth Awareness Month”., Sen. Joe Manchin [D-WV],"Nov 14, 2019
"
S.Res. 393," A resolution recognizing the historical, cultural, and religious significance of the 550th birthday of Guru Nanak and the contributions and sacrifices made by Sikhs of the United States.", Sen. Todd Young [R-IN],"Oct 31, 2019
"
H.Res. 695," Providing for consideration of the bill (H.R. 4863) to promote the competitiveness of the United States, to reform and reauthorize the United States Export Finance Agency, and for other purposes; and for other purposes.", Rep. Mark DeSaulnier [D-CA11],"Nov 13, 2019
"
S.Res. 424, A resolution recognizing the 100th anniversary of the Colorado Farm Bureau Federation and celebrating the long history of the Colorado Farm Bureau Federation representing the farmers and ranchers of Colorado., Sen. Cory Gardner [R-CO],"Nov 14, 2019
"
H.Con.Res. 72, Directing the Clerk of the House to make a correction in the enrollment of H.R. 2423., Rep. Sylvia Garcia [D-TX29],"Nov 13, 2019
"
S.Res. 419," A resolution permitting the collection of clothing, toys, food, and housewares during the holiday season for charitable purposes in Senate buildings.", Sen. Jon Tester [D-MT],"Nov 12, 2019
"
S.Res. 414, A resolution recognizing National Native American Heritage Month and celebrating the heritages and cultures of Native Americans and the contributions of Native Americans to the United States., Sen. John Hoeven [R-ND],"Nov 7, 2019
"
S.Res. 413," A resolution designating the week of November 4 through November 8, 2019, as “National Veterans Small Business Week”.", Sen. Marco Rubio [R-FL],"Nov 7, 2019
"
S.Res. 412," A resolution expressing support for the designation of the week of November 4 through November 8, 2019, as “National Family Service Learning Week”.", Sen. John Cornyn [R-TX],"Nov 7, 2019
"
S.Res. 396, A resolution designating October 2019 as “National Health Literacy Month”., Sen. Christopher Murphy [D-CT],"Oct 31, 2019
"
S.Res. 407, A resolution congratulating the Washington Nationals on winning the 2019 Major League Baseball World Series., Sen. Timothy “Tim” Kaine [D-VA],"Nov 5, 2019
"
S.Res. 400, A resolution recognizing October 2019 as “National Women’s Small Business Month”., Sen. Marco Rubio [R-FL],"Oct 31, 2019
"
S.Res. 399," A resolution designating November 2, 2019, as “National Bison Day”.", Sen. John Hoeven [R-ND],"Oct 31, 2019
"
S.Res. 345," A resolution supporting the goals and ideals of National Cybersecurity Awareness Month to raise awareness about, and enhance the state of, cybersecurity in the United States.", Sen. Bill Cassidy [R-LA],"Sep 26, 2019
"
S.Res. 401, A resolution recognizing the month of October 2019 as Filipino American History Month and celebrating the history and culture of Filipino Americans and their immense contributions to the United States., Sen. Mazie Hirono [D-HI],"Oct 31, 2019
"
S.Res. 403, A resolution designating October 2019 as “National Farm to School Month”., Sen. Patrick Leahy [D-VT],"Oct 31, 2019
"
S.Res. 394," A resolution honoring the members of the military and intelligence community who carried out the mission that killed Abu Bakr al-Baghdadi, and for other purposes.", Sen. Tom Cotton [R-AR],"Oct 31, 2019
"
S.Res. 402," A resolution honoring the life, work, and legacy of Toni Morrison.", Sen. Sherrod Brown [D-OH],"Oct 31, 2019
"
H.Res. 660, Directing certain committees to continue their ongoing investigations as part of the existing House of Representatives inquiry into whether sufficient grounds exist for the House of Representatives to exercise its Constitutional power to impe, Rep. James “Jim” McGovern [D-MA2],"Oct 29, 2019
"
S.Res. 377," A resolution designating October 30, 2019, as a national day of remembrance for the workers of the nuclear weapons program of the United States.", Sen. Lamar Alexander [R-TN],"Oct 24, 2019
"
S.Res. 390," A resolution honoring the life, accomplishments, and legacy of Senator Kay Hagan.", Sen. Richard Burr [R-NC],"Oct 30, 2019
"
S.Res. 389," A resolution calling on Congress, schools, and State and local educational agencies to recognize the significant educational implications of dyslexia that must be addressed, and designating October 2019 as “National Dyslexia Awareness Month”.", Sen. Bill Cassidy [R-LA],"Oct 30, 2019
"
H.Res. 655, Providing for consideration of the resolution (H. Res. 296) affirming the United States record on the Armenian Genocide., Rep. James “Jim” McGovern [D-MA2],"Oct 28, 2019
"
S.Res. 183," A resolution reaffirming the vital role of the United States-Japan alliance in promoting peace, stability, and prosperity in the Indo-Pacific region and beyond, and for other purposes.", Sen. Robert “Bob” Menendez [D-NJ],"May 2, 2019
"
S.Res. 236, A resolution reaffirming the strong partnership between Tunisia and the United States and supporting the people of Tunisia in their continued pursuit of democratic reforms., Sen. Robert “Bob” Menendez [D-NJ],"Jun 5, 2019
"
H.Res. 296, Affirming the United States record on the Armenian Genocide., Rep. Adam Schiff [D-CA28],"Apr 8, 2019
"
H.Res. 656," Providing for consideration of the bill (H.R. 823) to provide for the designation of certain wilderness areas, recreation management areas, and conservation areas in the State of Colorado, and for other purposes; providing for consideration o", Rep. Donna Shalala [D-FL27],"Oct 28, 2019
"
S.Res. 367," A resolution condemning the horrific attack in Dayton, Ohio, and expressing support and prayers for all those impacted by that tragedy.", Sen. Robert “Rob” Portman [R-OH],"Oct 21, 2019
"
S.Res. 277," A resolution remembering the 25th Anniversary of the bombing of the Argentine Israelite Mutual Association (AMIA) Jewish Community Center in Buenos Aires, Argentina, and recommitting to efforts to uphold justice for the 85 victims of the atta", Sen. Robert “Bob” Menendez [D-NJ],"Jul 17, 2019
"
H.Res. 107, SFC Sean Cooley and SPC Christopher Horton Congressional Gold Star Family Fellowship Program Act, Rep. Trent Kelly [R-MS1],"Feb 6, 2019
"
S.Res. 381," A resolution designating October 26, 2019, as the “Day of the Deployed”.", Sen. John Hoeven [R-ND],"Oct 24, 2019
"
S.Res. 383," A resolution supporting Lights on Afterschool, a national celebration of afterschool programs held on October 24, 2019.", Sen. Susan Collins [R-ME],"Oct 24, 2019
"
S.Res. 382, A resolution recognizing the month of October 2019 as “National Principals Month”., Sen. Tina Smith [D-MN],"Oct 24, 2019
"
S.Res. 384, A resolution to authorize testimony in United States v. Margaret Murphy., Sen. Mitch McConnell [R-KY],"Oct 24, 2019
"
S.Res. 380," A resolution supporting the goal and ideals of National Retirement Security Week, including raising public awareness of the various tax-preferred retirement vehicles, increasing personal financial literacy, and engaging the people of the Unit", Sen. Michael Enzi [R-WY],"Oct 24, 2019
"
S.Res. 362," A resolution designating the week beginning on October 13, 2019, as “National Wildlife Refuge Week”.", Sen. Chris Coons [D-DE],"Oct 17, 2019
"
S.Res. 379, A resolution supporting the designation of September 2019 as “National Alcohol and Drug Addiction Recovery Month”., Sen. Angus King [I-ME],"Oct 24, 2019
"
H.Res. 650, Providing for consideration of the bill (H.R. 4617) to amend the Federal Election Campaign Act of 1971 to clarify the obligation to report acts of foreign election influence and require implementation of compliance and reporting systems by Fe, Rep. Alcee Hastings [D-FL20],"Oct 22, 2019
"
S.Res. 373," A resolution expressing support for the designation of September 2019 as “Sickle Cell Disease Awareness Month” in order to educate communities across the United States about sickle cell disease and the need for research, early detection metho", Sen. Tim Scott [R-SC],"Oct 22, 2019
"
H.Res. 552, Calling on the Government of the Russian Federation to provide evidence of wrongdoing or to release United States citizen Paul Whelan., Rep. Haley Stevens [D-MI11],"Sep 11, 2019
"
H.Res. 646," Providing for consideration of the bill (H.R. 2513) to ensure that persons who form corporations or limited liability companies in the United States disclose the beneficial owners of those corporations or limited liability companies, in order", Rep. Ed Perlmutter [D-CO7],"Oct 21, 2019
"
S.Con.Res. 27, A concurrent resolution providing for the use of the catafalque situated in the Exhibition Hall of the Capitol Visitor Center in connection with memorial services to be conducted in the House wing of the Capitol for the Honorable Elijah E., Sen. Roy Blunt [R-MO],"Oct 21, 2019
"
S.Res. 368, A resolution to authorize the production of records by the Permanent Subcommittee on Investigations of the Committee on Homeland Security and Governmental Affairs., Sen. Mitch McConnell [R-KY],"Oct 21, 2019
"
S.Res. 365," A resolution designating October 16, 2019, and October 16, 2020, as “World Food Day”.", Sen. Chris Coons [D-DE],"Oct 17, 2019
"
H.Res. 635, Expressing the profound sorrow of the House of Representatives on the death of the Honorable Elijah E. Cummings., Rep. Steny Hoyer [D-MD5],"Oct 17, 2019
"
S.Res. 364, A resolution congratulating the Washington Mystics on winning the 2019 Women’s National Basketball Association championship., Sen. Chris Van Hollen [D-MD],"Oct 17, 2019
"
S.Res. 356," A resolution designating September 4, 2019, as “National Polycystic Kidney Disease Awareness Day”, and raising awareness and understanding of polycystic kidney disease.", Sen. Roy Blunt [R-MO],"Sep 26, 2019
"
S.Res. 324," A resolution designating September 29, 2019, as “National Urban Wildlife Refuge Day”.", Sen. Cory Gardner [R-CO],"Sep 24, 2019
"
H.Res. 629," Providing for consideration of the bill (H.R. 1815) to require the Securities and Exchange Commission, when developing rules and regulations about disclosures to retail investors, to conduct investor testing, including a survey and interviews", Rep. Mark DeSaulnier [D-CA11],"Oct 15, 2019
"
S.Res. 358," A resolution designating the week beginning October 20, 2019, as “National Character Counts Week”.", Sen. Charles “Chuck” Grassley [R-IA],"Oct 16, 2019
"
S.Res. 359," A resolution authorizing the use of the atrium in the Philip A. Hart Senate Office Building for the National Prescription Drug Take Back Day, a semiannual event for the Drug Enforcement Administration.", Sen. Amy Klobuchar [D-MN],"Oct 16, 2019
"
H.Res. 543," Recognizing Hong Kong’s bilateral relationship with the United States, condemning the People’s Republic of China for violating their obligations to the people of Hong Kong, and supporting the people of Hong Kong’s right to freedom of assembly", Rep. Brad Sherman [D-CA30],"Aug 30, 2019
"
S.Res. 322," A resolution expressing support for the designation of the week of September 22 through September 28, 2019, as Rail Safety Week in the United States, and supporting the goals and ideals of Rail Safety Week to reduce rail-related accidents, fa", Sen. Roger Wicker [R-MS],"Sep 23, 2019
"
H.Res. 521, Commending the Government of Canada for upholding the rule of law and expressing concern over actions by the Government of the People’s Republic of China in response to a request from the United States Government to the Government of Canada f, Rep. Michael McCaul [R-TX10],"Jul 24, 2019
"
S.Res. 350, A resolution designating September 2019 as “National Childhood Cancer Awareness Month”., Sen. Joe Manchin [D-WV],"Sep 26, 2019
"
H.Res. 596, Electing Members to certain standing committees of the House of Representatives., Rep. Jason Smith [R-MO8],"Sep 26, 2019
"
S.Res. 354, A resolution designating September 2019 as “National Brain Aneurysm Awareness Month”., Sen. Edward “Ed” Markey [D-MA],"Sep 26, 2019
"
S.Res. 351," A resolution designating the week of September 29 through October 5, 2019, as “National Community Policing Week”.", Sen. Jeanne Shaheen [D-NH],"Sep 26, 2019
"
S.Res. 252, A resolution designating September 2019 as National Democracy Month as a time to reflect on the contributions of the system of government of the United States to a more free and stable world., Sen. Lindsey Graham [R-SC],"Jun 19, 2019
"
S.Res. 352, A resolution recognizing Hispanic Heritage Month and celebrating the heritage and culture of Latinos in the United States and the immense contributions of Latinos to the United States., Sen. Robert “Bob” Menendez [D-NJ],"Sep 26, 2019
"
S.Res. 349," A resolution supporting the designation of September 20, 2019, as “National Concussion Awareness Day”.", Sen. Margaret “Maggie” Hassan [D-NH],"Sep 26, 2019
"
S.Res. 353," A resolution recognizing September 24, 2019, as “National Voter Registration Day”.", Sen. Amy Klobuchar [D-MN],"Sep 26, 2019
"
S.Res. 346," A resolution designating October 8, 2019, as “National Hydrogen and Fuel Cell Day”.", Sen. Lindsey Graham [R-SC],"Sep 26, 2019
"
H.Res. 591," Providing for consideration of the joint resolution (S.J. Res. 54) relating to a national emergency declared by the President on February 15, 2019.", Rep. Joseph Morelle [D-NY25],"Sep 25, 2019
"
S.Res. 355," A resolution designating the week of September 22 through 28, 2019, as “National Adult Education and Family Literacy Week”.", Sen. Patty Murray [D-WA],"Sep 26, 2019
"
S.Res. 347," A resolution designating October 2, 2019, as “Energy Efficiency Day” in celebration of the economic and environmental benefits that have been driven by private sector innovation and Federal energy efficiency policies.", Sen. Jeanne Shaheen [D-NH],"Sep 26, 2019
"
S.Res. 348," A resolution proclaiming the week of September 23 through September 27, 2019, as “National Clean Energy Week”.", Sen. Susan Collins [R-ME],"Sep 26, 2019
"
S.Res. 335, A resolution instructing the managers on the part of the Senate on the bill S. 1790 (116th Congress) to insist upon the members of the conference to include the provisions contained in section 2906 of the Senate bill (relating to replenishmen, Sen. Martha McSally [R-AZ],"Sep 25, 2019
"
S.Res. 332, A resolution instructing the managers on the part of the Senate on the conference on the bill S. 1790 (116th Congress) to insist upon the provisions contained in section 630A of the House amendment (relating to the repeal of a requirement of , Sen. Doug Jones [D-AL],"Sep 25, 2019
"
S.Res. 334, A resolution instructing the managers on the part of the Senate on the bill S. 1790 (116th Congress) to insist upon the provisions contained in section 316 of the Senate bill (relating to a prohibition on the use of perfluoroalkyl substances , Sen. Gary Peters [D-MI],"Sep 25, 2019
"
S.Res. 331, A resolution instructing the managers on the part of the Senate on the bill S. 1790 (116th Congress) to insist upon the inclusion of the provisions of S. 2118 (116th Congress) (relating to the prohibition of United States persons from dealing, Sen. Tom Cotton [R-AR],"Sep 25, 2019
"
S.Res. 330, A resolution instructing the managers on the part of the Senate on the bill S. 1790 (116th Congress) to require certain measures to address Federal election interference by foreign governments., Sen. Chris Van Hollen [D-MD],"Sep 25, 2019
"
S.Res. 336," A resolution instructing the managers on the part of the Senate on the bill S. 1790 (116th Congress) to insist upon the members of the conference to consider potential commonsense solutions regarding family and medical leave, including volunt", Sen. Joni Ernst [R-IA],"Sep 25, 2019
"
H.Res. 576," Expressing the sense of the House of Representatives with respect to the whistleblower complaint of August 12, 2019, made to the Inspector General of the Intelligence Community.", Rep. Adam Schiff [D-CA28],"Sep 24, 2019
"
H.Res. 577," Providing for consideration of the bill (H.R. 2203) to increase transparency, accountability, and community engagement within the Department of Homeland Security, provide independent oversight of border security activities, improve training f", Rep. Mary Scanlon [D-PA5],"Sep 24, 2019
"
S.Res. 328," A resolution honoring the life, legacy, and achievements of Marca Bristo.", Sen. Tammy Duckworth [D-IL],"Sep 24, 2019
"
S.Res. 327," A resolution designating September 23, 2019, as “National Falls Prevention Awareness Day” to raise awareness and encourage the prevention of falls among older adults.", Sen. Susan Collins [R-ME],"Sep 24, 2019
"
S.Res. 329, A resolution designating September 2019 as “National Spinal Cord Injury Awareness Month”., Sen. Marco Rubio [R-FL],"Sep 24, 2019
"
H.Res. 444," Reaffirming the importance of the United States to promote the safety, health, and well-being of refugees and displaced persons.", Rep. Ted Lieu [D-CA33],"Jun 14, 2019
"
S.Res. 313," A resolution designating the week of September 22 through September 28, 2019, as “Gold Star Families Remembrance Week”.", Sen. Cindy Hyde-Smith [R-MS],"Sep 17, 2019
"
S.Res. 326, A resolution recognizing the 25th anniversary of AmeriCorps., Sen. Chris Coons [D-DE],"Sep 24, 2019
"
S.Res. 325," A resolution expressing the sense of the Senate that the whistleblower complaint received on August 12, 2019, by the Inspector General of the Intelligence Community should be transmitted immediately to the Select Committee on Intelligence of ", Sen. Charles “Chuck” Schumer [D-NY],"Sep 24, 2019
"
H.Res. 127," Expressing the sense of the House of Representatives on the importance and vitality of the United States alliances with Japan and the Republic of Korea, and our trilateral cooperation in the pursuit of shared interests.", Rep. Eliot Engel [D-NY16],"Feb 13, 2019
"
S.Res. 323, A resolution designating September 2019 as “National Kinship Care Month”., Sen. Ron Wyden [D-OR],"Sep 23, 2019
"
S.Res. 320, A resolution recognizing and supporting the goals and ideals of National Forensic Science Week., Sen. Michael Crapo [R-ID],"Sep 19, 2019
"
S.Res. 321, A resolution designating September 2019 as “National Prostate Cancer Awareness Month”., Sen. Robert “Bob” Menendez [D-NJ],"Sep 19, 2019
"
H.Res. 564," Providing for consideration of the bill (H.R. 4378) making continuing appropriations for fiscal year 2020, and for other purposes.", Rep. James “Jim” McGovern [D-MA2],"Sep 19, 2019
"
S.Res. 205, A resolution expressing the gratitude of the Senate for the people who operate or support diaper banks and diaper distribution programs in their local communities., Sen. Christopher Murphy [D-CT],"May 14, 2019
"
S.Res. 319," A resolution designating the week beginning September 16, 2019, as National Hispanic-Serving Institutions Week.", Sen. Robert “Bob” Menendez [D-NJ],"Sep 19, 2019
"
H.Res. 558, Providing for consideration of the bill (H.R. 1423) to amend title 9 of the United States Code with respect to arbitration; waiving a requirement of clause 6(a) of rule XIII with respect to consideration of certain resolutions reported from t, Rep. Norma Torres [D-CA35],"Sep 17, 2019
"
S.Res. 314, A resolution honoring the centennial of the Aerospace Industries Association., Sen. Jerry Moran [R-KS],"Sep 17, 2019
"
S.Res. 312," A resolution designating the week beginning September 8, 2019, as “National Direct Support Professionals Recognition Week”.", Sen. Benjamin Cardin [D-MD],"Sep 12, 2019
"
H.Res. 553, Directing the Clerk of the House of Representatives to provide a copy of the on-the-record portions of the audio backup file of the transcribed interview of Roger J. Stone Jr. conducted by the Permanent Select Committee on Intelligence on Sep, Rep. James “Jim” McGovern [D-MA2],"Sep 12, 2019
"
S.Res. 311, A resolution expressing support for the designation of the week of September 11 through September 17 as “Patriot Week”., Sen. Gary Peters [D-MI],"Sep 12, 2019
"
S.Res. 310," A resolution recognizing the semiquincentennial of the community of Wheeling, West Virginia.", Sen. Shelley Capito [R-WV],"Sep 12, 2019
"
S.Res. 267, A resolution recognizing the September 11th National Memorial Trail as an important trail and greenway all individuals should enjoy in honor of the heroes of September 11th., Sen. Patrick “Pat” Toomey [R-PA],"Jun 27, 2019
"
H.Res. 548, Providing for consideration of the bill (H.R. 205) to amend the Gulf of Mexico Energy Security Act of 2006 to permanently extend the moratorium on leasing in certain areas of the Gulf of Mexico; providing for consideration of the bill (H.R. 1, Rep. Alcee Hastings [D-FL20],"Sep 9, 2019
"
H.Con.Res. 57, Authorizing the use of Emancipation Hall for an event to commemorate the 400th anniversary of the arrival of the first African slaves to the territory that would become the United States., Rep. Karen Bass [D-CA37],"Aug 9, 2019
"
S.Res. 305," A resolution designating the week of September 14 through September 21, 2019, as “National Estuaries Week”.", Sen. Sheldon Whitehouse [D-RI],"Aug 1, 2019
"
S.Res. 304, A resolution designating September 2019 as “National Workforce Development Month”., Sen. Dianne Feinstein [D-CA],"Aug 1, 2019
"
S.Res. 302," A resolution designating September 2019 as “National Child Awareness Month” to promote awareness of charities that benefit children and youth-serving organizations throughout the United States, and recognizing the efforts made by those charit", Sen. Dianne Feinstein [D-CA],"Jul 31, 2019
"
S.Res. 295, A resolution designating the month of September 2019 as “Campus Fire Safety Month”., Sen. Susan Collins [R-ME],"Jul 31, 2019
"
S.Res. 285, A resolution designating September 2019 as “School Bus Safety Month”., Sen. Deb Fischer [R-NE],"Jul 25, 2019
"
S.Res. 294," A resolution designating August 16, 2019, as “National Airborne Day”.", Sen. John “Jack” Reed [D-RI],"Jul 31, 2019
"
H.Con.Res. 53, Authorizing the use of Emancipation Hall for an event to commemorate the 400th anniversary of the arrival of the first African slaves to the territory that would become the United States., Rep. Bonnie Watson Coleman [D-NJ12],"Jul 12, 2019
"
S.Res. 263, A resolution honoring the 100th anniversary of The American Legion., Sen. Mike Braun [R-IN],"Jun 25, 2019
"
S.Res. 300, A resolution supporting the goals and ideals of National Public Health Week., Sen. Tom Udall [D-NM],"Jul 31, 2019
"
S.Res. 301, A resolution honoring the 50th anniversary of the return of the Indiana Rangers., Sen. Mike Braun [R-IN],"Jul 31, 2019
"
S.Res. 293," A resolution designating September 25, 2019, as “National Lobster Day”.", Sen. Angus King [I-ME],"Jul 30, 2019
"
S.Res. 290, A resolution celebrating 50 years of environmental progress in the Cuyahoga River Valley and Lake Erie., Sen. Sherrod Brown [D-OH],"Jul 29, 2019
"
H.Res. 420, Permitting official photographs of the House of Representatives to be taken while the House is in actual session on a date designated by the Speaker., Rep. Zoe Lofgren [D-CA19],"Jun 4, 2019
"
S.Res. 286," A resolution designating July 26, 2019, as “United States Intelligence Professionals Day”.", Sen. Mark Warner [D-VA],"Jul 25, 2019
"
H.Res. 519," Providing for consideration of the bill (H.R. 3877) to amend the Balanced Budget and Emergency Deficit Control Act of 1985, to establish a congressional budget for fiscal years 2020 and 2021, to temporarily suspend the debt limit, and for oth", Rep. Ed Perlmutter [D-CO7],"Jul 24, 2019
"
H.Res. 516, Electing a Member to a certain standing committee of the House of Representatives., Rep. Liz Cheney [R-WY0],"Jul 24, 2019
"
H.Res. 509," Providing for consideration of the bill (H.R. 397) to amend the Internal Revenue Code of 1986 to create a Pension Rehabilitation Trust Fund, to establish a Pension Rehabilitation Administration within the Department of the Treasury to make lo", Rep. Norma Torres [D-CA35],"Jul 23, 2019
"
S.Res. 283, A resolution expressing support for the designation of 2019 as the “International Year of the Periodic Table of Chemical Elements”., Sen. Chris Coons [D-DE],"Jul 24, 2019
"
S.Res. 282, A resolution honoring former Associate Justice John Paul Stevens of the Supreme Court of the United States., Sen. Richard Durbin [D-IL],"Jul 23, 2019
"
H.Res. 358," Calling on the Government of Cameroon and armed groups to respect the human rights of all Cameroonian citizens, to end all violence, and to pursue a broad-based dialogue without preconditions to resolve the conflict in the Northwest and South", Rep. Karen Bass [D-CA37],"May 7, 2019
"
S.Res. 265," A resolution designating July 27, 2019, as “National Day of the American Cowboy”.", Sen. Michael Enzi [R-WY],"Jun 26, 2019
"
S.Res. 194," A resolution designating July 30, 2019, as “National Whistleblower Appreciation Day”.", Sen. Charles “Chuck” Grassley [R-IA],"May 8, 2019
"
H.Res. 246," Opposing efforts to delegitimize the State of Israel and the Global Boycott, Divestment, and Sanctions Movement targeting Israel.", Rep. Bradley Schneider [D-IL10],"Mar 21, 2019
"
H.Res. 497," Recommending that the House of Representatives find William P. Barr, Attorney General of the United States, and Wilbur L. Ross, Jr., Secretary of Commerce, in contempt of Congress for refusal to comply with subpoenas duly issued by the Commit", Rep. Elijah Cummings [D-MD7],"Jul 17, 2019
"
H.Res. 492," Providing for consideration of the bill (H.R. 582) to provide for increases in the Federal minimum wage, and for other purposes.", Rep. Joseph Morelle [D-NY25],"Jul 15, 2019
"
H.Res. 489, Condemning President Trump’s racist comments directed at Members of Congress., Rep. Tom Malinowski [D-NJ7],"Jul 15, 2019
"
H.Res. 491," Providing for consideration of the bill (H.R. 3494) to authorize appropriations for fiscal year 2020 for intelligence and intelligence-related activities of the United States Government, the Community Management Account, and the Central Intel", Rep. Jamie Raskin [D-MD8],"Jul 15, 2019
"
S.Res. 74," A resolution marking the fifth anniversary of Ukraine’s Revolution of Dignity by honoring the bravery, determination, and sacrifice of the people of Ukraine during and since the Revolution, and condemning continued Russian aggression against U", Sen. Robert “Rob” Portman [R-OH],"Feb 14, 2019
"
S.Res. 198, A resolution condemning Brunei’s dramatic human rights backsliding., Sen. Richard Durbin [D-IL],"May 9, 2019
"
H.Res. 432, Condemning the attacks on peaceful protesters and supporting an immediate peaceful transition to a civilian-led democratic government in Sudan., Rep. Daniel Kildee [D-MI5],"Jun 10, 2019
"
H.Res. 129, Condemning the Government of Saudi Arabia’s continued detention and alleged abuse of women’s rights activists., Rep. Lois Frankel [D-FL21],"Feb 13, 2019
"
H.Res. 441," A resolution condemning the attack on the AMIA Jewish Community Center in Buenos Aires, Argentina, in July 1994 and expressing the concern of the United States regarding the continuing, 25-year-long delay in the resolution of this case and en", Rep. Theodore Deutch [D-FL22],"Jun 13, 2019
"
H.Res. 345," Responding to widening threats to freedoms of the press and expression around the world, reaffirming the centrality of a free and independent press to the health of democracy, and reaffirming freedom of the press as a priority of the United S", Rep. Adam Schiff [D-CA28],"May 1, 2019
"
H.Res. 481, Electing Members to certain standing committees of the House of Representatives., Rep. Liz Cheney [R-WY0],"Jul 10, 2019
"
H.Res. 476," Providing for consideration of the bill (H.R. 2500) to authorize appropriations for fiscal year 2020 for military activities of the Department of Defense and for military construction, to prescribe military personnel strengths for such fiscal", Rep. James “Jim” McGovern [D-MA2],"Jul 9, 2019
"
H.Res. 456," Emphasizing the importance of grassroots investor protection and the investor education missions of State and Federal securities regulators, calling on the Securities and Exchange Commission to collaborate with State securities regulators in ", Rep. Ayanna Pressley [D-MA7],"Jun 21, 2019
"
S.Res. 188," A resolution encouraging a swift transfer of power by the military to a civilian-led political authority in the Republic of the Sudan, and for other purposes.", Sen. Ted Cruz [R-TX],"May 2, 2019
"
S.Res. 208, A resolution expressing support for the designation of July as “American Grown Flower Month”., Sen. Dianne Feinstein [D-CA],"May 14, 2019
"
S.Res. 220," A resolution designating the month of June 2019 as “National Post-Traumatic Stress Awareness Month” and June 27, 2019, as “National Post-Traumatic Stress Awareness Day”.", Sen. Dan Sullivan [R-AK],"May 23, 2019
"
S.Res. 271," A resolution designating July 12, 2019, as “Collector Car Appreciation Day” and recognizing that the collection and restoration of historic and classic cars is an important part of preserving the technological achievements and cultural herita", Sen. Richard Burr [R-NC],"Jun 27, 2019
"
S.Res. 270, A resolution recognizing the 50th Anniversary of the Stonewall uprising., Sen. Tammy Baldwin [D-WI],"Jun 27, 2019
"
H.Res. 466," Providing for consideration of the Senate amendment to the bill (H.R. 3401) making emergency supplemental appropriations for the fiscal year ending September 30, 2019, and for other purposes.", Rep. James “Jim” McGovern [D-MA2],"Jun 27, 2019
"
S.Res. 266, A resolution congratulating the St. Louis Blues for winning the 2019 Stanley Cup Final., Sen. Joshua Hawley [R-MO],"Jun 26, 2019
"
H.Res. 460," Providing for consideration of the bill (H.R. 2722) to protect elections for public office by providing financial support and enhanced security for the infrastructure used to carry out such elections, and for other purposes; waiving a require", Rep. James “Jim” McGovern [D-MA2],"Jun 24, 2019
"
H.Res. 462," Providing for consideration of the bill (H.R. 3401) making emergency supplemental appropriations for the fiscal year ending September 30, 2019, and for other purposes.", Rep. James “Jim” McGovern [D-MA2],"Jun 25, 2019
"
S.Res. 257," A resolution designating June 20, 2019, as “American Eagle Day” and celebrating the recovery and restoration of the bald eagle, the national symbol of the United States.", Sen. Lamar Alexander [R-TN],"Jun 20, 2019
"
S.Res. 242," A resolution designating June 15, 2019, as “World Elder Abuse Awareness Day”.", Sen. Charles “Chuck” Grassley [R-IA],"Jun 10, 2019
"
S.Res. 258, A resolution expressing support for the designation of May 2019 as “National Brain Tumor Awareness Month”., Sen. Steve Daines [R-MT],"Jun 20, 2019
"
S.Res. 253," A resolution designating June 19, 2019, as “Juneteenth Independence Day” in recognition of June 19, 1865, the date on which news of the end of slavery reached the slaves in the Southwestern States.", Sen. John Cornyn [R-TX],"Jun 19, 2019
"
H.Res. 445," Providing for consideration of the bill (H.R. 3055) making appropriations for the Departments of Commerce and Justice, Science, and Related Agencies for the fiscal year ending September 30, 2020, and for other purposes; relating to considerat", Rep. James “Jim” McGovern [D-MA2],"Jun 18, 2019
"
S.Res. 235," A resolution designating June 12, 2019, as “Women Veterans Appreciation Day”.", Sen. Cory Booker [D-NJ],"Jun 5, 2019
"
S.Res. 189, A resolution condemning all forms of antisemitism., Sen. Ted Cruz [R-TX],"May 2, 2019
"
S.Res. 231," A resolution condemning the horrific anti-Semitic attack on the Chabad of Poway Synagogue near San Diego, California, on April 27, 2019.", Sen. Kamala Harris [D-CA],"Jun 5, 2019
"
S.Res. 249, A resolution commemorating the victory of the University of Maryland in the 2019 National Collegiate Athletic Association Division I Women’s Lacrosse Championship., Sen. Benjamin Cardin [D-MD],"Jun 12, 2019
"
S.Res. 246," A resolution honoring the memory of the victims of the heinous attack at the Pulse nightclub on June 12, 2016.", Sen. Rick Scott [R-FL],"Jun 12, 2019
"
H.Res. 436," Providing for further consideration of the bill (H.R. 2740) making appropriations for the Departments of Labor, Heath and Human Services, and Education, and related agencies for the fiscal year ending September 30, 2020, and for other purpose", Rep. Norma Torres [D-CA35],"Jun 11, 2019
"
S.Res. 248," A resolution honoring the victims of the mass shooting in Virginia Beach, Virginia.", Sen. Timothy “Tim” Kaine [D-VA],"Jun 12, 2019
"
S.Res. 245," A resolution designating July 17, 2019, as “Glioblastoma Awareness Day”.", Sen. Lindsey Graham [R-SC],"Jun 11, 2019
"
H.Res. 431," Providing for consideration of the bill (H.R. 2740) making appropriations for the Departments of Labor, Health and Human Services, and Education, and related agencies for the fiscal year ending September 30, 2020, and for other purposes, and ", Rep. Jamie Raskin [D-MD8],"Jun 10, 2019
"
H.Res. 430, Authorizing the Committee on the Judiciary to initiate or intervene in judicial proceedings to enforce certain subpoenas and for other purposes., Rep. James “Jim” McGovern [D-MA2],"Jun 6, 2019
"
S.Res. 184," A resolution condemning the Easter Sunday terrorist attacks in Sri Lanka, offering sincere condolences to the victims, to their families and friends, and to the people and nation of Sri Lanka, and expressing solidarity and support for Sri Lan", Sen. James Risch [R-ID],"May 2, 2019
"
H.Res. 372, Expressing concern for the United States-Turkey alliance., Rep. Eliot Engel [D-NY16],"May 10, 2019
"
S.Res. 241, A resolution designating May 2019 as “Older Americans Month”., Sen. Susan Collins [R-ME],"Jun 10, 2019
"
S.Res. 240," A resolution relative to the death of Dr. Lloyd John Ogilvie, Former Chaplain of the United States Senate.", Sen. Mitch McConnell [R-KY],"Jun 10, 2019
"
S.Res. 81, A resolution calling for accountability and justice for the assassination of Boris Nemtsov., Sen. Marco Rubio [R-FL],"Feb 27, 2019
"
S.Res. 221," A resolution recognizing the 30th anniversary of the Tiananmen Square massacre and condemning the intensifying repression and human rights violations by the Chinese Communist Party and the use of surveillance by Chinese authorities, and for o", Sen. Cory Gardner [R-CO],"May 23, 2019
"
S.Res. 238," A resolution designating the week of June 3 through June 9, 2019, as “Hemp History Week”.", Sen. Ron Wyden [D-OR],"Jun 5, 2019
"
S.Res. 237," A resolution supporting the mission and goals of National Crime Victims’ Rights Week in 2019, which include increasing public awareness of the rights, needs, and concerns of, and services available to assist, victims and survivors of crime in", Sen. Charles “Chuck” Grassley [R-IA],"Jun 5, 2019
"
S.Res. 174," A resolution expressing support for the designation of the week of June 1, 2019, through June 9, 2019, as “National Fishing and Boating Week”.", Sen. Roger Wicker [R-MS],"Apr 30, 2019
"
S.Res. 239, A resolution designating June 2019 as “Great Outdoors Month”., Sen. Steve Daines [R-MT],"Jun 5, 2019
"
S.Res. 135," A resolution expressing the gratitude and appreciation of the Senate for the acts of heroism and valor by the members of the United States Armed Forces who participated in the June 6, 1944, amphibious landing at Normandy, France, and commendi", Sen. John Boozman [R-AR],"Apr 2, 2019
"
S.Res. 229," A resolution relative to the death of the Honorable William Thad Cochran, former United States Senator for the State of Mississippi.", Sen. Roger Wicker [R-MS],"Jun 4, 2019
"
H.Res. 413," Expressing the immense gratitude of the House of Representatives for the acts of heroism, valor, and sacrifices made by the members of the United States Armed Forces and allied armed forces who participated in the June 6, 1944, amphibious lan", Rep. William Keating [D-MA9],"May 30, 2019
"
H.Res. 393," Remembering the victims of the violent suppression of democracy protests in Tiananmen Square and elsewhere in China on June 3 and 4, 1989, and calling on the Government of the People’s Republic of China to respect the universally recognized h", Rep. James “Jim” McGovern [D-MA2],"May 21, 2019
"
H.Con.Res. 45, Directing the Clerk of the House to make a correction in the enrollment of H.R. 2157., Rep. Maxine Waters [D-CA43],"Jun 3, 2019
"
H.Res. 415," Providing for consideration of the bill (H.R. 6) to authorize the cancellation of removal and adjustment of status of certain aliens, and for other purposes.", Rep. Donna Shalala [D-FL27],"Jun 3, 2019
"
S.Res. 212," A resolution celebrating the 100th anniversary of the passage and ratification of the 19th Amendment, providing for women’s suffrage, to the Constitution of the United States.", Sen. Lisa Murkowski [R-AK],"May 16, 2019
"
S.Res. 230," A resolution recognizing the significant milestone of Senior Corps volunteers serving 50,000,000 hours in 2018.", Sen. Sheldon Whitehouse [D-RI],"Jun 4, 2019
"
S.Res. 213," A resolution designating the week of May 19 through May 25, 2019, as “National Public Works Week”.", Sen. James “Jim” Inhofe [R-OK],"May 16, 2019
"
S.Res. 222," A resolution recognizing Vision To Learn as a national leader in improving access to prescription eyeglasses for students in low-income communities, thereby helping those students succeed in school, and for providing vision exams to 200,000 s", Sen. Chris Coons [D-DE],"May 23, 2019
"
S.Res. 223," A resolution expressing support for the designation of May 17, 2019, as “DIPG Pediatric Brain Cancer Awareness Day” to raise awareness of and encourage research on diffuse intrinsic pontine glioma tumors and pediatric cancers in general.", Sen. Marco Rubio [R-FL],"May 23, 2019
"
S.Res. 226," A resolution recognizing National Foster Care Month as an opportunity to raise awareness about the challenges of children in the foster care system, and encouraging Congress to implement policy to improve the lives of children in the foster c", Sen. Charles “Chuck” Grassley [R-IA],"May 23, 2019
"
S.Res. 225, A resolution supporting the goals of International Myalgic Encephalomyelitis/Chronic Fatigue Syndrome Awareness Day., Sen. Edward “Ed” Markey [D-MA],"May 23, 2019
"
S.Res. 224," A resolution supporting the goals and ideals of National Nurses Week, to be observed from May 6 through May 12, 2019.", Sen. Roger Wicker [R-MS],"May 23, 2019
"
S.Con.Res. 6," A concurrent resolution authorizing the printing of a commemorative document in memory of the late President of the United States, George Herbert Walker Bush.", Sen. Roy Blunt [R-MO],"Feb 28, 2019
"
S.Con.Res. 14, A concurrent resolution authorizing the use of Emancipation Hall in the Capitol Visitor Center for an event to celebrate the birthday of King Kamehameha I., Sen. Brian Schatz [D-HI],"Apr 11, 2019
"
S.Res. 216," A resolution recognizing the contributions made by the men and women of the Air Force who are responsible for operating and maintaining the Global Positioning System constellation and affirming the importance of continuous availability, accur", Sen. Tammy Duckworth [D-IL],"May 21, 2019
"
H.Res. 354," Celebrating the 100th anniversary of the passage and ratification of the 19th Amendment, providing for women’s suffrage, to the Constitution of the United States.", Rep. Brenda Lawrence [D-MI14],"May 3, 2019
"
H.Res. 389," Providing for consideration of the bill (H.R. 1500) to require the Consumer Financial Protection Bureau to meet its statutory purpose, and for other purposes; providing for consideration of the bill (H.R. 1994) to amend the Internal Revenue C", Rep. Ed Perlmutter [D-CO7],"May 20, 2019
"
H.Res. 106, Denouncing female genital mutilation/cutting as a violation of the human rights of women and girls and urging the international community and the Federal Government to increase efforts to eliminate the harmful practice., Rep. Lois Frankel [D-FL21],"Feb 6, 2019
"
H.Res. 30," Requiring each Member, officer, and employee of the House of Representatives to complete a program of training in workplace rights and responsibilities each session of each Congress, and for other purposes.", Rep. Zoe Lofgren [D-CA19],"Jan 8, 2019
"
H.Res. 377," Providing for consideration of the bill (H.R. 5) to prohibit discrimination on the basis of sex, gender identity, and sexual orientation, and for other purposes; providing for consideration of the bill (H.R. 312) to reaffirm the Mashpee Wampa", Rep. Mary Scanlon [D-PA5],"May 14, 2019
"
S.Res. 178, A resolution recognizing and supporting the goals and ideals of National Sexual Assault Awareness and Prevention Month., Sen. Dianne Feinstein [D-CA],"Apr 30, 2019
"
S.Res. 209," A resolution designating the week of May 12 through May 18, 2019, as “National Police Week”.", Sen. Lindsey Graham [R-SC],"May 14, 2019
"
S.Res. 210," A resolution supporting the designation of May 15, 2019, as “National Senior Fraud Awareness Day” to raise awareness about the increasing number of fraudulent schemes targeting seniors in the United States, to encourage the implementation of ", Sen. Susan Collins [R-ME],"May 14, 2019
"
