Congressmember Name,Congressmember Role,Congressmember Picture
"Abraham, Ralph","Representative for Louisiana's 5th congressional district, 2015-2020",https://govtrack.us/static/legislator-photos/412630-50px.jpeg
"Adams, Alma","Representative for North Carolina's 12th congressional district, 2014-2020",https://govtrack.us/static/legislator-photos/412607-50px.jpeg
"Aderholt, Robert","Representative for Alabama's 4th congressional district, 1997-2020",https://govtrack.us/static/legislator-photos/400004-50px.jpeg
"Aguilar, Pete","Representative for California's 31st congressional district, 2015-2020",https://govtrack.us/static/legislator-photos/412615-50px.jpeg
"Alexander, Lamar","Senior Senator for Tennessee, 2003-2020",https://govtrack.us/static/legislator-photos/300002-50px.jpeg
"Allen, Rick","Representative for Georgia's 12th congressional district, 2015-2020",https://govtrack.us/static/legislator-photos/412625-50px.jpeg
"Allred, Colin","Representative for Texas's 32nd congressional district, 2019-2020",https://govtrack.us/static/legislator-photos/412828-50px.jpeg
"Amash, Justin","Representative for Michigan's 3rd congressional district, 2011-2020",https://govtrack.us/static/legislator-photos/412438-50px.jpeg
"Amata, Aumua","Representative for American Samoa, 2015-2020",https://govtrack.us/static/legislator-photos/412664-50px.jpeg
"Amodei, Mark","Representative for Nevada's 2nd congressional district, 2011-2020",https://govtrack.us/static/legislator-photos/412500-50px.jpeg
"Armstrong, Kelly","Representative for North Dakota At Large, 2019-2020",https://govtrack.us/static/legislator-photos/412794-50px.jpeg
"Arrington, Jodey","Representative for Texas's 19th congressional district, 2017-2020",https://govtrack.us/static/legislator-photos/412726-50px.jpeg
"Axne, Cynthia","Representative for Iowa's 3rd congressional district, 2019-2020",https://govtrack.us/static/legislator-photos/412772-50px.jpeg
"Babin, Brian","Representative for Texas's 36th congressional district, 2015-2020",https://govtrack.us/static/legislator-photos/412655-50px.jpeg
"Bacon, Don","Representative for Nebraska's 2nd congressional district, 2017-2020",https://govtrack.us/static/legislator-photos/412713-50px.jpeg
"Baird, James","Representative for Indiana's 4th congressional district, 2019-2020",https://govtrack.us/static/legislator-photos/412777-50px.jpeg
"Balderson, Troy","Representative for Ohio's 12th congressional district, 2018-2020",https://govtrack.us/static/legislator-photos/412747-50px.jpeg
"Baldwin, Tammy","Junior Senator for Wisconsin, 2013-2024",https://govtrack.us/static/legislator-photos/400013-50px.jpeg
"Banks, Jim","Representative for Indiana's 3rd congressional district, 2017-2020",https://govtrack.us/static/legislator-photos/412702-50px.jpeg
"Barr, Garland “Andy”","Representative for Kentucky's 6th congressional district, 2013-2020",https://govtrack.us/static/legislator-photos/412541-50px.jpeg
"Barragán, Nanette","Representative for California's 44th congressional district, 2017-2020",https://govtrack.us/static/legislator-photos/412687-50px.jpeg
"Barrasso, John","Junior Senator for Wyoming, 2007-2024",https://govtrack.us/static/legislator-photos/412251-50px.jpeg
"Bass, Karen","Representative for California's 37th congressional district, 2013-2020",https://govtrack.us/static/legislator-photos/412404-50px.jpeg
"Beatty, Joyce","Representative for Ohio's 3rd congressional district, 2013-2020",https://govtrack.us/static/legislator-photos/412565-50px.jpeg
"Bennet, Michael","Senior Senator for Colorado, 2009-2022",https://govtrack.us/static/legislator-photos/412330-50px.jpeg
"Bera, Ami","Representative for California's 7th congressional district, 2013-2020",https://govtrack.us/static/legislator-photos/412512-50px.jpeg
"Bergman, Jack","Representative for Michigan's 1st congressional district, 2017-2020",https://govtrack.us/static/legislator-photos/412709-50px.jpeg
"Beyer, Donald","Representative for Virginia's 8th congressional district, 2015-2020",https://govtrack.us/static/legislator-photos/412657-50px.jpeg
"Biggs, Andy","Representative for Arizona's 5th congressional district, 2017-2020",https://govtrack.us/static/legislator-photos/412683-50px.jpeg
"Bilirakis, Gus","Representative for Florida's 12th congressional district, 2013-2020",https://govtrack.us/static/legislator-photos/412250-50px.jpeg
"Bishop, Dan","Representative for North Carolina's 9th congressional district, 2019-2020",https://govtrack.us/static/legislator-photos/412844-50px.jpeg
"Bishop, Rob","Representative for Utah's 1st congressional district, 2003-2020",https://govtrack.us/static/legislator-photos/400029-50px.jpeg
"Bishop, Sanford","Representative for Georgia's 2nd congressional district, 1993-2020",https://govtrack.us/static/legislator-photos/400030-50px.jpeg
"Blackburn, Marsha","Junior Senator for Tennessee, 2019-2024",https://govtrack.us/static/legislator-photos/400032-50px.jpeg
"Blumenauer, Earl","Representative for Oregon's 3rd congressional district, 1996-2020",https://govtrack.us/static/legislator-photos/400033-50px.jpeg
"Blumenthal, Richard","Senior Senator for Connecticut, 2011-2022",https://govtrack.us/static/legislator-photos/412490-50px.jpeg
"Blunt Rochester, Lisa","Representative for Delaware At Large, 2017-2020",https://govtrack.us/static/legislator-photos/412689-50px.jpeg
"Blunt, Roy","Senior Senator for Missouri, 2011-2022",https://govtrack.us/static/legislator-photos/400034-50px.jpeg
"Bonamici, Suzanne","Representative for Oregon's 1st congressional district, 2012-2020",https://govtrack.us/static/legislator-photos/412501-50px.jpeg
"Booker, Cory","Junior Senator for New Jersey, 2013-2020",https://govtrack.us/static/legislator-photos/412598-50px.jpeg
"Boozman, John","Senior Senator for Arkansas, 2011-2022",https://govtrack.us/static/legislator-photos/400040-50px.jpeg
"Bost, Mike","Representative for Illinois's 12th congressional district, 2015-2020",https://govtrack.us/static/legislator-photos/412629-50px.jpeg
"Boyle, Brendan","Representative for Pennsylvania's 2nd congressional district, 2019-2020",https://govtrack.us/static/legislator-photos/412652-50px.jpeg
"Brady, Kevin","Representative for Texas's 8th congressional district, 1997-2020",https://govtrack.us/static/legislator-photos/400046-50px.jpeg
"Braun, Mike","Junior Senator for Indiana, 2019-2024",https://govtrack.us/static/legislator-photos/412839-50px.jpeg
"Brindisi, Anthony","Representative for New York's 22nd congressional district, 2019-2020",https://govtrack.us/static/legislator-photos/412806-50px.jpeg
"Brooks, Mo","Representative for Alabama's 5th congressional district, 2011-2020",https://govtrack.us/static/legislator-photos/412395-50px.jpeg
"Brooks, Susan","Representative for Indiana's 5th congressional district, 2013-2020",https://govtrack.us/static/legislator-photos/412539-50px.jpeg
"Brown, Anthony","Representative for Maryland's 4th congressional district, 2017-2020",https://govtrack.us/static/legislator-photos/412707-50px.jpeg
"Brown, Sherrod","Senior Senator for Ohio, 2007-2024",https://govtrack.us/static/legislator-photos/400050-50px.jpeg
"Brownley, Julia","Representative for California's 26th congressional district, 2013-2020",https://govtrack.us/static/legislator-photos/412516-50px.jpeg
"Buchanan, Vern","Representative for Florida's 16th congressional district, 2013-2020",https://govtrack.us/static/legislator-photos/412196-50px.jpeg
"Buck, Ken","Representative for Colorado's 4th congressional district, 2015-2020",https://govtrack.us/static/legislator-photos/412619-50px.jpeg
"Bucshon, Larry","Representative for Indiana's 8th congressional district, 2011-2020",https://govtrack.us/static/legislator-photos/412427-50px.jpeg
"Budd, Ted","Representative for North Carolina's 13th congressional district, 2017-2020",https://govtrack.us/static/legislator-photos/412712-50px.jpeg
"Burchett, Tim","Representative for Tennessee's 2nd congressional district, 2019-2020",https://govtrack.us/static/legislator-photos/412817-50px.jpeg
"Burgess, Michael","Representative for Texas's 26th congressional district, 2003-2020",https://govtrack.us/static/legislator-photos/400052-50px.jpeg
"Burr, Richard","Senior Senator for North Carolina, 2005-2022",https://govtrack.us/static/legislator-photos/400054-50px.jpeg
"Bustos, Cheri","Representative for Illinois's 17th congressional district, 2013-2020",https://govtrack.us/static/legislator-photos/412537-50px.jpeg
"Butterfield, George “G.K.”","Representative for North Carolina's 1st congressional district, 2004-2020",https://govtrack.us/static/legislator-photos/400616-50px.jpeg
"Byrne, Bradley","Representative for Alabama's 1st congressional district, 2014-2020",https://govtrack.us/static/legislator-photos/412601-50px.jpeg
"Calvert, Ken","Representative for California's 42nd congressional district, 2013-2020",https://govtrack.us/static/legislator-photos/400057-50px.jpeg
"Cantwell, Maria","Junior Senator for Washington, 2001-2024",https://govtrack.us/static/legislator-photos/300018-50px.jpeg
"Capito, Shelley","Junior Senator for West Virginia, 2015-2020",https://govtrack.us/static/legislator-photos/400061-50px.jpeg
"Carbajal, Salud","Representative for California's 24th congressional district, 2017-2020",https://govtrack.us/static/legislator-photos/412686-50px.jpeg
"Cardin, Benjamin","Senior Senator for Maryland, 2007-2024",https://govtrack.us/static/legislator-photos/400064-50px.jpeg
"Carper, Thomas","Senior Senator for Delaware, 2001-2024",https://govtrack.us/static/legislator-photos/300019-50px.jpeg
"Carson, André","Representative for Indiana's 7th congressional district, 2008-2020",https://govtrack.us/static/legislator-photos/412258-50px.jpeg
"Carter, Buddy","Representative for Georgia's 1st congressional district, 2015-2020",https://govtrack.us/static/legislator-photos/412622-50px.jpeg
"Carter, John","Representative for Texas's 31st congressional district, 2003-2020",https://govtrack.us/static/legislator-photos/400068-50px.jpeg
"Cartwright, Matthew","Representative for Pennsylvania's 8th congressional district, 2019-2020",https://govtrack.us/static/legislator-photos/412571-50px.jpeg
"Case, Ed","Representative for Hawaii's 1st congressional district, 2019-2020",https://govtrack.us/static/legislator-photos/400069-50px.jpeg
"Casey, Robert “Bob”","Senior Senator for Pennsylvania, 2007-2024",https://govtrack.us/static/legislator-photos/412246-50px.jpeg
"Cassidy, Bill","Senior Senator for Louisiana, 2015-2020",https://govtrack.us/static/legislator-photos/412269-50px.jpeg
"Casten, Sean","Representative for Illinois's 6th congressional district, 2019-2020",https://govtrack.us/static/legislator-photos/412775-50px.jpeg
"Castor, Kathy","Representative for Florida's 14th congressional district, 2013-2020",https://govtrack.us/static/legislator-photos/412195-50px.jpeg
"Castro, Joaquin","Representative for Texas's 20th congressional district, 2013-2020",https://govtrack.us/static/legislator-photos/412576-50px.jpeg
"Chabot, Steve","Representative for Ohio's 1st congressional district, 2011-2020",https://govtrack.us/static/legislator-photos/400071-50px.jpeg
"Cheney, Liz","Representative for Wyoming At Large, 2017-2020",https://govtrack.us/static/legislator-photos/412732-50px.jpeg
"Chu, Judy","Representative for California's 27th congressional district, 2013-2020",https://govtrack.us/static/legislator-photos/412379-50px.jpeg
"Cicilline, David","Representative for Rhode Island's 1st congressional district, 2011-2020",https://govtrack.us/static/legislator-photos/412470-50px.jpeg
"Cisneros, Gilbert","Representative for California's 39th congressional district, 2019-2020",https://govtrack.us/static/legislator-photos/412757-50px.jpeg
"Clark, Katherine","Representative for Massachusetts's 5th congressional district, 2013-2020",https://govtrack.us/static/legislator-photos/412600-50px.jpeg
"Clarke, Yvette","Representative for New York's 9th congressional district, 2013-2020",https://govtrack.us/static/legislator-photos/412221-50px.jpeg
"Clay, Lacy","Representative for Missouri's 1st congressional district, 2001-2020",https://govtrack.us/static/legislator-photos/400074-50px.jpeg
"Cleaver, Emanuel","Representative for Missouri's 5th congressional district, 2005-2020",https://govtrack.us/static/legislator-photos/400639-50px.jpeg
"Cline, Ben","Representative for Virginia's 6th congressional district, 2019-2020",https://govtrack.us/static/legislator-photos/412832-50px.jpeg
"Cloud, Michael","Representative for Texas's 27th congressional district, 2018-2020",https://govtrack.us/static/legislator-photos/412746-50px.jpeg
"Clyburn, James “Jim”","Representative for South Carolina's 6th congressional district, 1993-2020",https://govtrack.us/static/legislator-photos/400075-50px.jpeg
"Cohen, Steve","Representative for Tennessee's 9th congressional district, 2007-2020",https://govtrack.us/static/legislator-photos/412236-50px.jpeg
"Cole, Tom","Representative for Oklahoma's 4th congressional district, 2003-2020",https://govtrack.us/static/legislator-photos/400077-50px.jpeg
"Collins, Doug","Representative for Georgia's 9th congressional district, 2013-2020",https://govtrack.us/static/legislator-photos/412531-50px.jpeg
"Collins, Susan","Senior Senator for Maine, 1997-2020",https://govtrack.us/static/legislator-photos/300025-50px.jpeg
"Comer, James","Representative for Kentucky's 1st congressional district, 2016-2020",https://govtrack.us/static/legislator-photos/412676-50px.jpeg
"Conaway, Michael","Representative for Texas's 11th congressional district, 2005-2020",https://govtrack.us/static/legislator-photos/400655-50px.jpeg
"Connolly, Gerald","Representative for Virginia's 11th congressional district, 2009-2020",https://govtrack.us/static/legislator-photos/412272-50px.jpeg
"Cook, Paul","Representative for California's 8th congressional district, 2013-2020",https://govtrack.us/static/legislator-photos/412513-50px.jpeg
"Coons, Chris","Junior Senator for Delaware, 2010-2020",https://govtrack.us/static/legislator-photos/412390-50px.jpeg
"Cooper, Jim","Representative for Tennessee's 5th congressional district, 2003-2020",https://govtrack.us/static/legislator-photos/400081-50px.jpeg
"Cornyn, John","Senior Senator for Texas, 2002-2020",https://govtrack.us/static/legislator-photos/300027-50px.jpeg
"Correa, Luis","Representative for California's 46th congressional district, 2017-2020",https://govtrack.us/static/legislator-photos/412688-50px.jpeg
"Cortez Masto, Catherine","Senior Senator for Nevada, 2017-2022",https://govtrack.us/static/legislator-photos/412681-50px.jpeg
"Costa, Jim","Representative for California's 16th congressional district, 2013-2020",https://govtrack.us/static/legislator-photos/400618-50px.jpeg
"Cotton, Tom","Junior Senator for Arkansas, 2015-2020",https://govtrack.us/static/legislator-photos/412508-50px.jpeg
"Courtney, Joe","Representative for Connecticut's 2nd congressional district, 2007-2020",https://govtrack.us/static/legislator-photos/412193-50px.jpeg
"Cox, TJ","Representative for California's 21st congressional district, 2019-2020",https://govtrack.us/static/legislator-photos/412755-50px.jpeg
"Craig, Angie","Representative for Minnesota's 2nd congressional district, 2019-2020",https://govtrack.us/static/legislator-photos/412789-50px.jpeg
"Cramer, Kevin","Junior Senator for North Dakota, 2019-2024",https://govtrack.us/static/legislator-photos/412555-50px.jpeg
"Crapo, Michael","Senior Senator for Idaho, 1999-2022",https://govtrack.us/static/legislator-photos/300030-50px.jpeg
"Crawford, Eric “Rick”","Representative for Arkansas's 1st congressional district, 2011-2020",https://govtrack.us/static/legislator-photos/412400-50px.jpeg
"Crenshaw, Dan","Representative for Texas's 2nd congressional district, 2019-2020",https://govtrack.us/static/legislator-photos/412820-50px.jpeg
"Crist, Charlie","Representative for Florida's 13th congressional district, 2017-2020",https://govtrack.us/static/legislator-photos/412697-50px.jpeg
"Crow, Jason","Representative for Colorado's 6th congressional district, 2019-2020",https://govtrack.us/static/legislator-photos/412762-50px.jpeg
"Cruz, Ted","Junior Senator for Texas, 2013-2024",https://govtrack.us/static/legislator-photos/412573-50px.jpeg
"Cuellar, Henry","Representative for Texas's 28th congressional district, 2005-2020",https://govtrack.us/static/legislator-photos/400657-50px.jpeg
"Cunningham, Joe","Representative for South Carolina's 1st congressional district, 2019-2020",https://govtrack.us/static/legislator-photos/412814-50px.jpeg
"Curtis, John","Representative for Utah's 3rd congressional district, 2017-2020",https://govtrack.us/static/legislator-photos/412740-50px.jpeg
"Cárdenas, Tony","Representative for California's 29th congressional district, 2013-2020",https://govtrack.us/static/legislator-photos/412517-50px.jpeg
"Daines, Steve","Junior Senator for Montana, 2015-2020",https://govtrack.us/static/legislator-photos/412549-50px.jpeg
"Davids, Sharice","Representative for Kansas's 3rd congressional district, 2019-2020",https://govtrack.us/static/legislator-photos/412780-50px.jpeg
"Davidson, Warren","Representative for Ohio's 8th congressional district, 2016-2020",https://govtrack.us/static/legislator-photos/412675-50px.jpeg
"Davis, Danny","Representative for Illinois's 7th congressional district, 1997-2020",https://govtrack.us/static/legislator-photos/400093-50px.jpeg
"Davis, Rodney","Representative for Illinois's 13th congressional district, 2013-2020",https://govtrack.us/static/legislator-photos/412536-50px.jpeg
"Davis, Susan","Representative for California's 53rd congressional district, 2003-2020",https://govtrack.us/static/legislator-photos/400097-50px.jpeg
"DeFazio, Peter","Representative for Oregon's 4th congressional district, 1987-2020",https://govtrack.us/static/legislator-photos/400100-50px.jpeg
"DeGette, Diana","Representative for Colorado's 1st congressional district, 1997-2020",https://govtrack.us/static/legislator-photos/400101-50px.jpeg
"DeLauro, Rosa","Representative for Connecticut's 3rd congressional district, 1991-2020",https://govtrack.us/static/legislator-photos/400103-50px.jpeg
"DeSaulnier, Mark","Representative for California's 11th congressional district, 2015-2020",https://govtrack.us/static/legislator-photos/412613-50px.jpeg
"Dean, Madeleine","Representative for Pennsylvania's 4th congressional district, 2019-2020",https://govtrack.us/static/legislator-photos/412809-50px.jpeg
"DelBene, Suzan","Representative for Washington's 1st congressional district, 2012-2020",https://govtrack.us/static/legislator-photos/412505-50px.jpeg
"Delgado, Antonio","Representative for New York's 19th congressional district, 2019-2020",https://govtrack.us/static/legislator-photos/412805-50px.jpeg
"Demings, Val","Representative for Florida's 10th congressional district, 2017-2020",https://govtrack.us/static/legislator-photos/412696-50px.jpeg
"DesJarlais, Scott","Representative for Tennessee's 4th congressional district, 2011-2020",https://govtrack.us/static/legislator-photos/412477-50px.jpeg
"Deutch, Theodore","Representative for Florida's 22nd congressional district, 2017-2020",https://govtrack.us/static/legislator-photos/412385-50px.jpeg
"Diaz-Balart, Mario","Representative for Florida's 25th congressional district, 2013-2020",https://govtrack.us/static/legislator-photos/400108-50px.jpeg
"Dingell, Debbie","Representative for Michigan's 12th congressional district, 2015-2020",https://govtrack.us/static/legislator-photos/412637-50px.jpeg
"Doggett, Lloyd","Representative for Texas's 35th congressional district, 2013-2020",https://govtrack.us/static/legislator-photos/400111-50px.jpeg
"Doyle, Michael “Mike”","Representative for Pennsylvania's 18th congressional district, 2019-2020",https://govtrack.us/static/legislator-photos/400114-50px.jpeg
"Duckworth, Tammy","Junior Senator for Illinois, 2017-2022",https://govtrack.us/static/legislator-photos/412533-50px.jpeg
"Duncan, Jeff","Representative for South Carolina's 3rd congressional district, 2011-2020",https://govtrack.us/static/legislator-photos/412472-50px.jpeg
"Dunn, Neal","Representative for Florida's 2nd congressional district, 2017-2020",https://govtrack.us/static/legislator-photos/412691-50px.jpeg
"Durbin, Richard","Senior Senator for Illinois, 1997-2020",https://govtrack.us/static/legislator-photos/300038-50px.jpeg
"Emmer, Tom","Representative for Minnesota's 6th congressional district, 2015-2020",https://govtrack.us/static/legislator-photos/412639-50px.jpeg
"Engel, Eliot","Representative for New York's 16th congressional district, 2013-2020",https://govtrack.us/static/legislator-photos/400122-50px.jpeg
"Enzi, Michael","Senior Senator for Wyoming, 1997-2020",https://govtrack.us/static/legislator-photos/300041-50px.jpeg
"Ernst, Joni","Junior Senator for Iowa, 2015-2020",https://govtrack.us/static/legislator-photos/412667-50px.jpeg
"Escobar, Veronica","Representative for Texas's 16th congressional district, 2019-2020",https://govtrack.us/static/legislator-photos/412825-50px.jpeg
"Eshoo, Anna","Representative for California's 18th congressional district, 2013-2020",https://govtrack.us/static/legislator-photos/400124-50px.jpeg
"Espaillat, Adriano","Representative for New York's 13th congressional district, 2017-2020",https://govtrack.us/static/legislator-photos/412718-50px.jpeg
"Estes, Ron","Representative for Kansas's 4th congressional district, 2017-2020",https://govtrack.us/static/legislator-photos/412735-50px.jpeg
"Evans, Dwight","Representative for Pennsylvania's 3rd congressional district, 2019-2020",https://govtrack.us/static/legislator-photos/412677-50px.jpeg
"Feinstein, Dianne","Senior Senator for California, 1992-2024",https://govtrack.us/static/legislator-photos/300043-50px.jpeg
"Ferguson, Drew","Representative for Georgia's 3rd congressional district, 2017-2020",https://govtrack.us/static/legislator-photos/412700-50px.jpeg
"Finkenauer, Abby","Representative for Iowa's 1st congressional district, 2019-2020",https://govtrack.us/static/legislator-photos/412771-50px.jpeg
"Fischer, Deb","Senior Senator for Nebraska, 2013-2024",https://govtrack.us/static/legislator-photos/412556-50px.jpeg
"Fitzpatrick, Brian","Representative for Pennsylvania's 1st congressional district, 2019-2020",https://govtrack.us/static/legislator-photos/412721-50px.jpeg
"Fleischmann, Charles “Chuck”","Representative for Tennessee's 3rd congressional district, 2011-2020",https://govtrack.us/static/legislator-photos/412476-50px.jpeg
"Fletcher, Lizzie","Representative for Texas's 7th congressional district, 2019-2020",https://govtrack.us/static/legislator-photos/412824-50px.jpeg
"Flores, Bill","Representative for Texas's 17th congressional district, 2011-2020",https://govtrack.us/static/legislator-photos/412480-50px.jpeg
"Fortenberry, Jeff","Representative for Nebraska's 1st congressional district, 2005-2020",https://govtrack.us/static/legislator-photos/400640-50px.jpeg
"Foster, Bill","Representative for Illinois's 11th congressional district, 2013-2020",https://govtrack.us/static/legislator-photos/412257-50px.jpeg
"Foxx, Virginia","Representative for North Carolina's 5th congressional district, 2005-2020",https://govtrack.us/static/legislator-photos/400643-50px.jpeg
"Frankel, Lois","Representative for Florida's 21st congressional district, 2017-2020",https://govtrack.us/static/legislator-photos/412529-50px.jpeg
"Fudge, Marcia","Representative for Ohio's 11th congressional district, 2008-2020",https://govtrack.us/static/legislator-photos/412327-50px.jpeg
"Fulcher, Russ","Representative for Idaho's 1st congressional district, 2019-2020",https://govtrack.us/static/legislator-photos/412773-50px.jpeg
"Gabbard, Tulsi","Representative for Hawaii's 2nd congressional district, 2013-2020",https://govtrack.us/static/legislator-photos/412532-50px.jpeg
"Gaetz, Matt","Representative for Florida's 1st congressional district, 2017-2020",https://govtrack.us/static/legislator-photos/412690-50px.jpeg
"Gallagher, Mike","Representative for Wisconsin's 8th congressional district, 2017-2020",https://govtrack.us/static/legislator-photos/412731-50px.jpeg
"Gallego, Ruben","Representative for Arizona's 7th congressional district, 2015-2020",https://govtrack.us/static/legislator-photos/412612-50px.jpeg
"Garamendi, John","Representative for California's 3rd congressional district, 2013-2020",https://govtrack.us/static/legislator-photos/412382-50px.jpeg
"Garcia, Sylvia","Representative for Texas's 29th congressional district, 2019-2020",https://govtrack.us/static/legislator-photos/412827-50px.jpeg
"García, Jesús","Representative for Illinois's 4th congressional district, 2019-2020",https://govtrack.us/static/legislator-photos/412774-50px.jpeg
"Gardner, Cory","Junior Senator for Colorado, 2015-2020",https://govtrack.us/static/legislator-photos/412406-50px.jpeg
"Gianforte, Greg","Representative for Montana At Large, 2017-2020",https://govtrack.us/static/legislator-photos/412736-50px.jpeg
"Gibbs, Bob","Representative for Ohio's 7th congressional district, 2013-2020",https://govtrack.us/static/legislator-photos/412463-50px.jpeg
"Gillibrand, Kirsten","Junior Senator for New York, 2009-2024",https://govtrack.us/static/legislator-photos/412223-50px.jpeg
"Gohmert, Louie","Representative for Texas's 1st congressional district, 2005-2020",https://govtrack.us/static/legislator-photos/400651-50px.jpeg
"Golden, Jared","Representative for Maine's 2nd congressional district, 2019-2020",https://govtrack.us/static/legislator-photos/412842-50px.jpeg
"Gomez, Jimmy","Representative for California's 34th congressional district, 2017-2020",https://govtrack.us/static/legislator-photos/412739-50px.jpeg
"Gonzalez, Anthony","Representative for Ohio's 16th congressional district, 2019-2020",https://govtrack.us/static/legislator-photos/412807-50px.jpeg
"Gonzalez, Vicente","Representative for Texas's 15th congressional district, 2017-2020",https://govtrack.us/static/legislator-photos/412725-50px.jpeg
"González-Colón, Jenniffer","Resident Commissioner for Puerto Rico, 2017-2020",https://govtrack.us/static/legislator-photos/412723-50px.jpeg
"Gooden, Lance","Representative for Texas's 5th congressional district, 2019-2020",https://govtrack.us/static/legislator-photos/412822-50px.jpeg
"Gosar, Paul","Representative for Arizona's 4th congressional district, 2013-2020",https://govtrack.us/static/legislator-photos/412397-50px.jpeg
"Gottheimer, Josh","Representative for New Jersey's 5th congressional district, 2017-2020",https://govtrack.us/static/legislator-photos/412714-50px.jpeg
"Graham, Lindsey","Senior Senator for South Carolina, 2003-2020",https://govtrack.us/static/legislator-photos/300047-50px.jpeg
"Granger, Kay","Representative for Texas's 12th congressional district, 1997-2020",https://govtrack.us/static/legislator-photos/400157-50px.jpeg
"Grassley, Charles “Chuck”","Senior Senator for Iowa, 1981-2022",https://govtrack.us/static/legislator-photos/300048-50px.jpeg
"Graves, Garret","Representative for Louisiana's 6th congressional district, 2015-2020",https://govtrack.us/static/legislator-photos/412631-50px.jpeg
"Graves, Sam","Representative for Missouri's 6th congressional district, 2001-2020",https://govtrack.us/static/legislator-photos/400158-50px.jpeg
"Graves, Tom","Representative for Georgia's 14th congressional district, 2013-2020",https://govtrack.us/static/legislator-photos/412388-50px.jpeg
"Green, Al","Representative for Texas's 9th congressional district, 2005-2020",https://govtrack.us/static/legislator-photos/400653-50px.jpeg
"Green, Mark","Representative for Tennessee's 7th congressional district, 2019-2020",https://govtrack.us/static/legislator-photos/412819-50px.jpeg
"Griffith, Morgan","Representative for Virginia's 9th congressional district, 2011-2020",https://govtrack.us/static/legislator-photos/412485-50px.jpeg
"Grijalva, Raúl","Representative for Arizona's 3rd congressional district, 2013-2020",https://govtrack.us/static/legislator-photos/400162-50px.jpeg
"Grothman, Glenn","Representative for Wisconsin's 6th congressional district, 2015-2020",https://govtrack.us/static/legislator-photos/412661-50px.jpeg
"Guest, Michael","Representative for Mississippi's 3rd congressional district, 2019-2020",https://govtrack.us/static/legislator-photos/412793-50px.jpeg
"Guthrie, Brett","Representative for Kentucky's 2nd congressional district, 2009-2020",https://govtrack.us/static/legislator-photos/412278-50px.jpeg
"Haaland, Debra","Representative for New Mexico's 1st congressional district, 2019-2020",https://govtrack.us/static/legislator-photos/412800-50px.jpeg
"Hagedorn, Jim","Representative for Minnesota's 1st congressional district, 2019-2020",https://govtrack.us/static/legislator-photos/412788-50px.jpeg
"Harder, Josh","Representative for California's 10th congressional district, 2019-2020",https://govtrack.us/static/legislator-photos/412754-50px.jpeg
"Harris, Andy","Representative for Maryland's 1st congressional district, 2011-2020",https://govtrack.us/static/legislator-photos/412434-50px.jpeg
"Harris, Kamala","Junior Senator for California, 2017-2022",https://govtrack.us/static/legislator-photos/412678-50px.jpeg
"Hartzler, Vicky","Representative for Missouri's 4th congressional district, 2011-2020",https://govtrack.us/static/legislator-photos/412444-50px.jpeg
"Hassan, Margaret “Maggie”","Junior Senator for New Hampshire, 2017-2022",https://govtrack.us/static/legislator-photos/412680-50px.jpeg
"Hastings, Alcee","Representative for Florida's 20th congressional district, 2013-2020",https://govtrack.us/static/legislator-photos/400170-50px.jpeg
"Hawley, Joshua","Junior Senator for Missouri, 2019-2024",https://govtrack.us/static/legislator-photos/412840-50px.jpeg
"Hayes, Jahana","Representative for Connecticut's 5th congressional district, 2019-2020",https://govtrack.us/static/legislator-photos/412763-50px.jpeg
"Heck, Denny","Representative for Washington's 10th congressional district, 2013-2020",https://govtrack.us/static/legislator-photos/412584-50px.jpeg
"Heinrich, Martin","Junior Senator for New Mexico, 2013-2024",https://govtrack.us/static/legislator-photos/412281-50px.jpeg
"Hern, Kevin","Representative for Oklahoma's 1st congressional district, 2018-2020",https://govtrack.us/static/legislator-photos/412748-50px.jpeg
"Herrera Beutler, Jaime","Representative for Washington's 3rd congressional district, 2011-2020",https://govtrack.us/static/legislator-photos/412486-50px.jpeg
"Hice, Jody","Representative for Georgia's 10th congressional district, 2015-2020",https://govtrack.us/static/legislator-photos/412623-50px.jpeg
"Higgins, Brian","Representative for New York's 26th congressional district, 2013-2020",https://govtrack.us/static/legislator-photos/400641-50px.jpeg
"Higgins, Clay","Representative for Louisiana's 3rd congressional district, 2017-2020",https://govtrack.us/static/legislator-photos/412705-50px.jpeg
"Hill, French","Representative for Arkansas's 2nd congressional district, 2015-2020",https://govtrack.us/static/legislator-photos/412609-50px.jpeg
"Himes, James","Representative for Connecticut's 4th congressional district, 2009-2020",https://govtrack.us/static/legislator-photos/412282-50px.jpeg
"Hirono, Mazie","Junior Senator for Hawaii, 2013-2024",https://govtrack.us/static/legislator-photos/412200-50px.jpeg
"Hoeven, John","Senior Senator for North Dakota, 2011-2022",https://govtrack.us/static/legislator-photos/412494-50px.jpeg
"Holding, George","Representative for North Carolina's 2nd congressional district, 2017-2020",https://govtrack.us/static/legislator-photos/412553-50px.jpeg
"Hollingsworth, Trey","Representative for Indiana's 9th congressional district, 2017-2020",https://govtrack.us/static/legislator-photos/412703-50px.jpeg
"Horn, Kendra","Representative for Oklahoma's 5th congressional district, 2019-2020",https://govtrack.us/static/legislator-photos/412808-50px.jpeg
"Horsford, Steven","Representative for Nevada's 4th congressional district, 2019-2020",https://govtrack.us/static/legislator-photos/412559-50px.jpeg
"Houlahan, Chrissy","Representative for Pennsylvania's 6th congressional district, 2019-2020",https://govtrack.us/static/legislator-photos/412810-50px.jpeg
"Hoyer, Steny","Representative for Maryland's 5th congressional district, 1981-2020",https://govtrack.us/static/legislator-photos/400189-50px.jpeg
"Hudson, Richard","Representative for North Carolina's 8th congressional district, 2013-2020",https://govtrack.us/static/legislator-photos/412550-50px.jpeg
"Huffman, Jared","Representative for California's 2nd congressional district, 2013-2020",https://govtrack.us/static/legislator-photos/412511-50px.jpeg
"Huizenga, Bill","Representative for Michigan's 2nd congressional district, 2011-2020",https://govtrack.us/static/legislator-photos/412437-50px.jpeg
"Hurd, Will","Representative for Texas's 23rd congressional district, 2015-2020",https://govtrack.us/static/legislator-photos/412654-50px.jpeg
"Hyde-Smith, Cindy","Junior Senator for Mississippi, 2018-2020",https://govtrack.us/static/legislator-photos/412743-50px.jpeg
"Inhofe, James “Jim”","Senior Senator for Oklahoma, 1994-2020",https://govtrack.us/static/legislator-photos/300055-50px.jpeg
"Jackson Lee, Sheila","Representative for Texas's 18th congressional district, 1995-2020",https://govtrack.us/static/legislator-photos/400199-50px.jpeg
"Jayapal, Pramila","Representative for Washington's 7th congressional district, 2017-2020",https://govtrack.us/static/legislator-photos/412730-50px.jpeg
"Jeffries, Hakeem","Representative for New York's 8th congressional district, 2013-2020",https://govtrack.us/static/legislator-photos/412561-50px.jpeg
"Johnson, Bill","Representative for Ohio's 6th congressional district, 2011-2020",https://govtrack.us/static/legislator-photos/412460-50px.jpeg
"Johnson, Dusty","Representative for South Dakota At Large, 2019-2020",https://govtrack.us/static/legislator-photos/412816-50px.jpeg
"Johnson, Eddie","Representative for Texas's 30th congressional district, 1993-2020",https://govtrack.us/static/legislator-photos/400204-50px.jpeg
"Johnson, Henry “Hank”","Representative for Georgia's 4th congressional district, 2007-2020",https://govtrack.us/static/legislator-photos/412199-50px.jpeg
"Johnson, Mike","Representative for Louisiana's 4th congressional district, 2017-2020",https://govtrack.us/static/legislator-photos/412706-50px.jpeg
"Johnson, Ron","Senior Senator for Wisconsin, 2011-2022",https://govtrack.us/static/legislator-photos/412496-50px.jpeg
"Jones, Doug","Junior Senator for Alabama, 2018-2020",https://govtrack.us/static/legislator-photos/412741-50px.jpeg
"Jordan, Jim","Representative for Ohio's 4th congressional district, 2007-2020",https://govtrack.us/static/legislator-photos/412226-50px.jpeg
"Joyce, David","Representative for Ohio's 14th congressional district, 2013-2020",https://govtrack.us/static/legislator-photos/412566-50px.jpeg
"Joyce, John","Representative for Pennsylvania's 13th congressional district, 2019-2020",https://govtrack.us/static/legislator-photos/412812-50px.jpeg
"Kaine, Timothy “Tim”","Junior Senator for Virginia, 2013-2024",https://govtrack.us/static/legislator-photos/412582-50px.jpeg
"Kaptur, Marcy","Representative for Ohio's 9th congressional district, 1983-2020",https://govtrack.us/static/legislator-photos/400211-50px.jpeg
"Katko, John","Representative for New York's 24th congressional district, 2015-2020",https://govtrack.us/static/legislator-photos/412649-50px.jpeg
"Keating, William","Representative for Massachusetts's 9th congressional district, 2013-2020",https://govtrack.us/static/legislator-photos/412435-50px.jpeg
"Keller, Fred","Representative for Pennsylvania's 12th congressional district, 2019-2020",null
"Kelly, Mike","Representative for Pennsylvania's 16th congressional district, 2019-2020",https://govtrack.us/static/legislator-photos/412465-50px.jpeg
"Kelly, Robin","Representative for Illinois's 2nd congressional district, 2013-2020",https://govtrack.us/static/legislator-photos/412595-50px.jpeg
"Kelly, Trent","Representative for Mississippi's 1st congressional district, 2015-2020",https://govtrack.us/static/legislator-photos/412673-50px.jpeg
"Kennedy, John","Junior Senator for Louisiana, 2017-2022",https://govtrack.us/static/legislator-photos/412679-50px.jpeg
"Kennedy, Joseph","Representative for Massachusetts's 4th congressional district, 2013-2020",https://govtrack.us/static/legislator-photos/412543-50px.jpeg
"Khanna, Ro","Representative for California's 17th congressional district, 2017-2020",https://govtrack.us/static/legislator-photos/412684-50px.jpeg
"Kildee, Daniel","Representative for Michigan's 5th congressional district, 2013-2020",https://govtrack.us/static/legislator-photos/412546-50px.jpeg
"Kilmer, Derek","Representative for Washington's 6th congressional district, 2013-2020",https://govtrack.us/static/legislator-photos/412583-50px.jpeg
"Kim, Andy","Representative for New Jersey's 3rd congressional district, 2019-2020",https://govtrack.us/static/legislator-photos/412797-50px.jpeg
"Kind, Ron","Representative for Wisconsin's 3rd congressional district, 1997-2020",https://govtrack.us/static/legislator-photos/400218-50px.jpeg
"King, Angus","Junior Senator for Maine, 2013-2024",https://govtrack.us/static/legislator-photos/412545-50px.jpeg
"King, Peter “Pete”","Representative for New York's 2nd congressional district, 2013-2020",https://govtrack.us/static/legislator-photos/400219-50px.jpeg
"King, Steve","Representative for Iowa's 4th congressional district, 2013-2020",https://govtrack.us/static/legislator-photos/400220-50px.jpeg
"Kinzinger, Adam","Representative for Illinois's 16th congressional district, 2013-2020",https://govtrack.us/static/legislator-photos/412421-50px.jpeg
"Kirkpatrick, Ann","Representative for Arizona's 2nd congressional district, 2019-2020",https://govtrack.us/static/legislator-photos/412286-50px.jpeg
"Klobuchar, Amy","Senior Senator for Minnesota, 2007-2024",https://govtrack.us/static/legislator-photos/412242-50px.jpeg
"Krishnamoorthi, Raja","Representative for Illinois's 8th congressional district, 2017-2020",https://govtrack.us/static/legislator-photos/412701-50px.jpeg
"Kuster, Ann","Representative for New Hampshire's 2nd congressional district, 2013-2020",https://govtrack.us/static/legislator-photos/412557-50px.jpeg
"Kustoff, David","Representative for Tennessee's 8th congressional district, 2017-2020",https://govtrack.us/static/legislator-photos/412724-50px.jpeg
"LaHood, Darin","Representative for Illinois's 18th congressional district, 2015-2020",https://govtrack.us/static/legislator-photos/412674-50px.jpeg
"LaMalfa, Doug","Representative for California's 1st congressional district, 2013-2020",https://govtrack.us/static/legislator-photos/412510-50px.jpeg
"Lamb, Conor","Representative for Pennsylvania's 17th congressional district, 2019-2020",https://govtrack.us/static/legislator-photos/412744-50px.jpeg
"Lamborn, Doug","Representative for Colorado's 5th congressional district, 2007-2020",https://govtrack.us/static/legislator-photos/412191-50px.jpeg
"Langevin, James “Jim”","Representative for Rhode Island's 2nd congressional district, 2001-2020",https://govtrack.us/static/legislator-photos/400230-50px.jpeg
"Lankford, James","Junior Senator for Oklahoma, 2015-2022",https://govtrack.us/static/legislator-photos/412464-50px.jpeg
"Larsen, Rick","Representative for Washington's 2nd congressional district, 2001-2020",https://govtrack.us/static/legislator-photos/400232-50px.jpeg
"Larson, John","Representative for Connecticut's 1st congressional district, 1999-2020",https://govtrack.us/static/legislator-photos/400233-50px.jpeg
"Latta, Robert","Representative for Ohio's 5th congressional district, 2007-2020",https://govtrack.us/static/legislator-photos/412256-50px.jpeg
"Lawrence, Brenda","Representative for Michigan's 14th congressional district, 2015-2020",https://govtrack.us/static/legislator-photos/412638-50px.jpeg
"Lawson, Al","Representative for Florida's 5th congressional district, 2017-2020",https://govtrack.us/static/legislator-photos/412693-50px.jpeg
"Leahy, Patrick","Senior Senator for Vermont, 1975-2022",https://govtrack.us/static/legislator-photos/300065-50px.jpeg
"Lee, Barbara","Representative for California's 13th congressional district, 2013-2020",https://govtrack.us/static/legislator-photos/400237-50px.jpeg
"Lee, Mike","Senior Senator for Utah, 2011-2022",https://govtrack.us/static/legislator-photos/412495-50px.jpeg
"Lee, Susie","Representative for Nevada's 3rd congressional district, 2019-2020",https://govtrack.us/static/legislator-photos/412802-50px.jpeg
"Lesko, Debbie","Representative for Arizona's 8th congressional district, 2018-2020",https://govtrack.us/static/legislator-photos/412745-50px.jpeg
"Levin, Andy","Representative for Michigan's 9th congressional district, 2019-2020",https://govtrack.us/static/legislator-photos/412785-50px.jpeg
"Levin, Mike","Representative for California's 49th congressional district, 2019-2020",https://govtrack.us/static/legislator-photos/412760-50px.jpeg
"Lewis, John","Representative for Georgia's 5th congressional district, 1987-2020",https://govtrack.us/static/legislator-photos/400240-50px.jpeg
"Lieu, Ted","Representative for California's 33rd congressional district, 2015-2020",https://govtrack.us/static/legislator-photos/412616-50px.jpeg
"Lipinski, Daniel","Representative for Illinois's 3rd congressional district, 2005-2020",https://govtrack.us/static/legislator-photos/400630-50px.jpeg
"Loebsack, David","Representative for Iowa's 2nd congressional district, 2007-2020",https://govtrack.us/static/legislator-photos/412209-50px.jpeg
"Loeffler, Kelly","Junior Senator for Georgia, 2020-2020",null
"Lofgren, Zoe","Representative for California's 19th congressional district, 2013-2020",https://govtrack.us/static/legislator-photos/400245-50px.jpeg
"Long, Billy","Representative for Missouri's 7th congressional district, 2011-2020",https://govtrack.us/static/legislator-photos/412445-50px.jpeg
"Loudermilk, Barry","Representative for Georgia's 11th congressional district, 2015-2020",https://govtrack.us/static/legislator-photos/412624-50px.jpeg
"Lowenthal, Alan","Representative for California's 47th congressional district, 2013-2020",https://govtrack.us/static/legislator-photos/412521-50px.jpeg
"Lowey, Nita","Representative for New York's 17th congressional district, 2013-2020",https://govtrack.us/static/legislator-photos/400246-50px.jpeg
"Lucas, Frank","Representative for Oklahoma's 3rd congressional district, 2003-2020",https://govtrack.us/static/legislator-photos/400247-50px.jpeg
"Luetkemeyer, Blaine","Representative for Missouri's 3rd congressional district, 2013-2020",https://govtrack.us/static/legislator-photos/412292-50px.jpeg
"Luján, Ben","Representative for New Mexico's 3rd congressional district, 2009-2020",https://govtrack.us/static/legislator-photos/412293-50px.jpeg
"Luria, Elaine","Representative for Virginia's 2nd congressional district, 2019-2020",https://govtrack.us/static/legislator-photos/412830-50px.jpeg
"Lynch, Stephen","Representative for Massachusetts's 8th congressional district, 2013-2020",https://govtrack.us/static/legislator-photos/400249-50px.jpeg
"Malinowski, Tom","Representative for New Jersey's 7th congressional district, 2019-2020",https://govtrack.us/static/legislator-photos/412798-50px.jpeg
"Maloney, Carolyn","Representative for New York's 12th congressional district, 2013-2020",https://govtrack.us/static/legislator-photos/400251-50px.jpeg
"Maloney, Sean","Representative for New York's 18th congressional district, 2013-2020",https://govtrack.us/static/legislator-photos/412562-50px.jpeg
"Manchin, Joe","Senior Senator for West Virginia, 2010-2024",https://govtrack.us/static/legislator-photos/412391-50px.jpeg
"Marchant, Kenny","Representative for Texas's 24th congressional district, 2005-2020",https://govtrack.us/static/legislator-photos/400656-50px.jpeg
"Markey, Edward “Ed”","Junior Senator for Massachusetts, 2013-2020",https://govtrack.us/static/legislator-photos/400253-50px.jpeg
"Marshall, Roger","Representative for Kansas's 1st congressional district, 2017-2020",https://govtrack.us/static/legislator-photos/412704-50px.jpeg
"Massie, Thomas","Representative for Kentucky's 4th congressional district, 2012-2020",https://govtrack.us/static/legislator-photos/412503-50px.jpeg
"Mast, Brian","Representative for Florida's 18th congressional district, 2017-2020",https://govtrack.us/static/legislator-photos/412698-50px.jpeg
"Matsui, Doris","Representative for California's 6th congressional district, 2013-2020",https://govtrack.us/static/legislator-photos/400663-50px.jpeg
"McAdams, Ben","Representative for Utah's 4th congressional district, 2019-2020",https://govtrack.us/static/legislator-photos/412829-50px.jpeg
"McBath, Lucy","Representative for Georgia's 6th congressional district, 2019-2020",https://govtrack.us/static/legislator-photos/412769-50px.jpeg
"McCarthy, Kevin","Representative for California's 23rd congressional district, 2013-2020",https://govtrack.us/static/legislator-photos/412190-50px.jpeg
"McCaul, Michael","Representative for Texas's 10th congressional district, 2005-2020",https://govtrack.us/static/legislator-photos/400654-50px.jpeg
"McClintock, Tom","Representative for California's 4th congressional district, 2009-2020",https://govtrack.us/static/legislator-photos/412295-50px.jpeg
"McCollum, Betty","Representative for Minnesota's 4th congressional district, 2001-2020",https://govtrack.us/static/legislator-photos/400259-50px.jpeg
"McConnell, Mitch","Senior Senator for Kentucky, 1985-2020",https://govtrack.us/static/legislator-photos/300072-50px.jpeg
"McEachin, Donald","Representative for Virginia's 4th congressional district, 2017-2020",https://govtrack.us/static/legislator-photos/412728-50px.jpeg
"McGovern, James “Jim”","Representative for Massachusetts's 2nd congressional district, 2013-2020",https://govtrack.us/static/legislator-photos/400263-50px.jpeg
"McHenry, Patrick","Representative for North Carolina's 10th congressional district, 2005-2020",https://govtrack.us/static/legislator-photos/400644-50px.jpeg
"McKinley, David","Representative for West Virginia's 1st congressional district, 2011-2020",https://govtrack.us/static/legislator-photos/412487-50px.jpeg
"McMorris Rodgers, Cathy","Representative for Washington's 5th congressional district, 2005-2020",https://govtrack.us/static/legislator-photos/400659-50px.jpeg
"McNerney, Jerry","Representative for California's 9th congressional district, 2013-2020",https://govtrack.us/static/legislator-photos/412189-50px.jpeg
"McSally, Martha","Junior Senator for Arizona, 2019-2020",https://govtrack.us/static/legislator-photos/412611-50px.jpeg
"Meadows, Mark","Representative for North Carolina's 11th congressional district, 2013-2020",https://govtrack.us/static/legislator-photos/412552-50px.jpeg
"Meeks, Gregory","Representative for New York's 5th congressional district, 2013-2020",https://govtrack.us/static/legislator-photos/400271-50px.jpeg
"Menendez, Robert “Bob”","Senior Senator for New Jersey, 2006-2024",https://govtrack.us/static/legislator-photos/400272-50px.jpeg
"Meng, Grace","Representative for New York's 6th congressional district, 2013-2020",https://govtrack.us/static/legislator-photos/412560-50px.jpeg
"Merkley, Jeff","Junior Senator for Oregon, 2009-2020",https://govtrack.us/static/legislator-photos/412325-50px.jpeg
"Meuser, Daniel","Representative for Pennsylvania's 9th congressional district, 2019-2020",https://govtrack.us/static/legislator-photos/412811-50px.jpeg
"Miller, Carol","Representative for West Virginia's 3rd congressional district, 2019-2020",https://govtrack.us/static/legislator-photos/412837-50px.jpeg
"Mitchell, Paul","Representative for Michigan's 10th congressional district, 2017-2020",https://govtrack.us/static/legislator-photos/412710-50px.jpeg
"Moolenaar, John","Representative for Michigan's 4th congressional district, 2015-2020",https://govtrack.us/static/legislator-photos/412634-50px.jpeg
"Mooney, Alex","Representative for West Virginia's 2nd congressional district, 2015-2020",https://govtrack.us/static/legislator-photos/412662-50px.jpeg
"Moore, Gwen","Representative for Wisconsin's 4th congressional district, 2005-2020",https://govtrack.us/static/legislator-photos/400661-50px.jpeg
"Moran, Jerry","Junior Senator for Kansas, 2011-2022",https://govtrack.us/static/legislator-photos/400284-50px.jpeg
"Morelle, Joseph","Representative for New York's 25th congressional district, 2018-2020",https://govtrack.us/static/legislator-photos/412749-50px.jpeg
"Moulton, Seth","Representative for Massachusetts's 6th congressional district, 2015-2020",https://govtrack.us/static/legislator-photos/412632-50px.jpeg
"Mucarsel-Powell, Debbie","Representative for Florida's 26th congressional district, 2019-2020",https://govtrack.us/static/legislator-photos/412767-50px.jpeg
"Mullin, Markwayne","Representative for Oklahoma's 2nd congressional district, 2013-2020",https://govtrack.us/static/legislator-photos/412568-50px.jpeg
"Murkowski, Lisa","Senior Senator for Alaska, 2003-2022",https://govtrack.us/static/legislator-photos/300075-50px.jpeg
"Murphy, Christopher","Junior Senator for Connecticut, 2013-2024",https://govtrack.us/static/legislator-photos/412194-50px.jpeg
"Murphy, Gregory","Representative for North Carolina's 3rd congressional district, 2019-2020",null
"Murphy, Stephanie","Representative for Florida's 7th congressional district, 2017-2020",https://govtrack.us/static/legislator-photos/412694-50px.jpeg
"Murray, Patty","Senior Senator for Washington, 1993-2022",https://govtrack.us/static/legislator-photos/300076-50px.jpeg
"Nadler, Jerrold","Representative for New York's 10th congressional district, 2013-2020",https://govtrack.us/static/legislator-photos/400289-50px.jpeg
"Napolitano, Grace","Representative for California's 32nd congressional district, 2013-2020",https://govtrack.us/static/legislator-photos/400290-50px.jpeg
"Neal, Richard","Representative for Massachusetts's 1st congressional district, 2013-2020",https://govtrack.us/static/legislator-photos/400291-50px.jpeg
"Neguse, Joe","Representative for Colorado's 2nd congressional district, 2019-2020",https://govtrack.us/static/legislator-photos/412761-50px.jpeg
"Newhouse, Dan","Representative for Washington's 4th congressional district, 2015-2020",https://govtrack.us/static/legislator-photos/412660-50px.jpeg
"Norcross, Donald","Representative for New Jersey's 1st congressional district, 2014-2020",https://govtrack.us/static/legislator-photos/412606-50px.jpeg
"Norman, Ralph","Representative for South Carolina's 5th congressional district, 2017-2020",https://govtrack.us/static/legislator-photos/412738-50px.jpeg
"Norton, Eleanor","Representative for the District of Columbia, 1991-2020",https://govtrack.us/static/legislator-photos/400295-50px.jpeg
"Nunes, Devin","Representative for California's 22nd congressional district, 2013-2020",https://govtrack.us/static/legislator-photos/400297-50px.jpeg
"Ocasio-Cortez, Alexandria","Representative for New York's 14th congressional district, 2019-2020",https://govtrack.us/static/legislator-photos/412804-50px.jpeg
"Olson, Pete","Representative for Texas's 22nd congressional district, 2009-2020",https://govtrack.us/static/legislator-photos/412302-50px.jpeg
"Omar, Ilhan","Representative for Minnesota's 5th congressional district, 2019-2020",https://govtrack.us/static/legislator-photos/412791-50px.jpeg
"O’Halleran, Tom","Representative for Arizona's 1st congressional district, 2017-2020",https://govtrack.us/static/legislator-photos/412682-50px.jpeg
"Palazzo, Steven","Representative for Mississippi's 4th congressional district, 2011-2020",https://govtrack.us/static/legislator-photos/412443-50px.jpeg
"Pallone, Frank","Representative for New Jersey's 6th congressional district, 1993-2020",https://govtrack.us/static/legislator-photos/400308-50px.jpeg
"Palmer, Gary","Representative for Alabama's 6th congressional district, 2015-2020",https://govtrack.us/static/legislator-photos/412608-50px.jpeg
"Panetta, Jimmy","Representative for California's 20th congressional district, 2017-2020",https://govtrack.us/static/legislator-photos/412685-50px.jpeg
"Pappas, Chris","Representative for New Hampshire's 1st congressional district, 2019-2020",https://govtrack.us/static/legislator-photos/412795-50px.jpeg
"Pascrell, Bill","Representative for New Jersey's 9th congressional district, 2013-2020",https://govtrack.us/static/legislator-photos/400309-50px.jpeg
"Paul, Rand","Junior Senator for Kentucky, 2011-2022",https://govtrack.us/static/legislator-photos/412492-50px.jpeg
"Payne, Donald","Representative for New Jersey's 10th congressional district, 2012-2020",https://govtrack.us/static/legislator-photos/412506-50px.jpeg
"Pelosi, Nancy","Representative for California's 12th congressional district, 2013-2020",https://govtrack.us/static/legislator-photos/400314-50px.jpeg
"Pence, Greg","Representative for Indiana's 6th congressional district, 2019-2020",https://govtrack.us/static/legislator-photos/412778-50px.jpeg
"Perdue, David","Senior Senator for Georgia, 2015-2020",https://govtrack.us/static/legislator-photos/412666-50px.jpeg
"Perlmutter, Ed","Representative for Colorado's 7th congressional district, 2007-2020",https://govtrack.us/static/legislator-photos/412192-50px.jpeg
"Perry, Scott","Representative for Pennsylvania's 10th congressional district, 2019-2020",https://govtrack.us/static/legislator-photos/412569-50px.jpeg
"Peters, Gary","Junior Senator for Michigan, 2015-2020",https://govtrack.us/static/legislator-photos/412305-50px.jpeg
"Peters, Scott","Representative for California's 52nd congressional district, 2013-2020",https://govtrack.us/static/legislator-photos/412523-50px.jpeg
"Peterson, Collin","Representative for Minnesota's 7th congressional district, 1991-2020",https://govtrack.us/static/legislator-photos/400316-50px.jpeg
"Phillips, Dean","Representative for Minnesota's 3rd congressional district, 2019-2020",https://govtrack.us/static/legislator-photos/412790-50px.jpeg
"Pingree, Chellie","Representative for Maine's 1st congressional district, 2009-2020",https://govtrack.us/static/legislator-photos/412307-50px.jpeg
"Plaskett, Stacey","Representative for the Virgin Islands, 2015-2020",https://govtrack.us/static/legislator-photos/412659-50px.jpeg
"Pocan, Mark","Representative for Wisconsin's 2nd congressional district, 2013-2020",https://govtrack.us/static/legislator-photos/412585-50px.jpeg
"Porter, Katie","Representative for California's 45th congressional district, 2019-2020",https://govtrack.us/static/legislator-photos/412758-50px.jpeg
"Portman, Robert “Rob”","Junior Senator for Ohio, 2011-2022",https://govtrack.us/static/legislator-photos/400325-50px.jpeg
"Posey, Bill","Representative for Florida's 8th congressional district, 2013-2020",https://govtrack.us/static/legislator-photos/412309-50px.jpeg
"Pressley, Ayanna","Representative for Massachusetts's 7th congressional district, 2019-2020",https://govtrack.us/static/legislator-photos/412782-50px.jpeg
"Price, David","Representative for North Carolina's 4th congressional district, 1997-2020",https://govtrack.us/static/legislator-photos/400326-50px.jpeg
"Quigley, Mike","Representative for Illinois's 5th congressional district, 2009-2020",https://govtrack.us/static/legislator-photos/412331-50px.jpeg
"Raskin, Jamie","Representative for Maryland's 8th congressional district, 2017-2020",https://govtrack.us/static/legislator-photos/412708-50px.jpeg
"Ratcliffe, John","Representative for Texas's 4th congressional district, 2015-2020",https://govtrack.us/static/legislator-photos/412653-50px.jpeg
"Reed, John “Jack”","Senior Senator for Rhode Island, 1997-2020",https://govtrack.us/static/legislator-photos/300081-50px.jpeg
"Reed, Tom","Representative for New York's 23rd congressional district, 2013-2020",https://govtrack.us/static/legislator-photos/412393-50px.jpeg
"Reschenthaler, Guy","Representative for Pennsylvania's 14th congressional district, 2019-2020",https://govtrack.us/static/legislator-photos/412813-50px.jpeg
"Rice, Kathleen","Representative for New York's 4th congressional district, 2015-2020",https://govtrack.us/static/legislator-photos/412647-50px.jpeg
"Rice, Tom","Representative for South Carolina's 7th congressional district, 2013-2020",https://govtrack.us/static/legislator-photos/412572-50px.jpeg
"Richmond, Cedric","Representative for Louisiana's 2nd congressional district, 2011-2020",https://govtrack.us/static/legislator-photos/412432-50px.jpeg
"Riggleman, Denver","Representative for Virginia's 5th congressional district, 2019-2020",https://govtrack.us/static/legislator-photos/412831-50px.jpeg
"Risch, James","Junior Senator for Idaho, 2009-2020",https://govtrack.us/static/legislator-photos/412322-50px.jpeg
"Roberts, Pat","Senior Senator for Kansas, 1997-2020",https://govtrack.us/static/legislator-photos/300083-50px.jpeg
"Roby, Martha","Representative for Alabama's 2nd congressional district, 2011-2020",https://govtrack.us/static/legislator-photos/412394-50px.jpeg
"Roe, David “Phil”","Representative for Tennessee's 1st congressional district, 2009-2020",https://govtrack.us/static/legislator-photos/412310-50px.jpeg
"Rogers, Harold “Hal”","Representative for Kentucky's 5th congressional district, 1981-2020",https://govtrack.us/static/legislator-photos/400340-50px.jpeg
"Rogers, Mike","Representative for Alabama's 3rd congressional district, 2003-2020",https://govtrack.us/static/legislator-photos/400341-50px.jpeg
"Romney, Mitt","Junior Senator for Utah, 2019-2024",https://govtrack.us/static/legislator-photos/412841-50px.jpeg
"Rooney, Francis","Representative for Florida's 19th congressional district, 2017-2020",https://govtrack.us/static/legislator-photos/412699-50px.jpeg
"Rose, John","Representative for Tennessee's 6th congressional district, 2019-2020",https://govtrack.us/static/legislator-photos/412818-50px.jpeg
"Rose, Max","Representative for New York's 11th congressional district, 2019-2020",https://govtrack.us/static/legislator-photos/412803-50px.jpeg
"Rosen, Jacky","Junior Senator for Nevada, 2019-2024",https://govtrack.us/static/legislator-photos/412715-50px.jpeg
"Rouda, Harley","Representative for California's 48th congressional district, 2019-2020",https://govtrack.us/static/legislator-photos/412759-50px.jpeg
"Rounds, Mike","Junior Senator for South Dakota, 2015-2020",https://govtrack.us/static/legislator-photos/412669-50px.jpeg
"Rouzer, David","Representative for North Carolina's 7th congressional district, 2015-2020",https://govtrack.us/static/legislator-photos/412641-50px.jpeg
"Roy, Chip","Representative for Texas's 21st congressional district, 2019-2020",https://govtrack.us/static/legislator-photos/412826-50px.jpeg
"Roybal-Allard, Lucille","Representative for California's 40th congressional district, 2013-2020",https://govtrack.us/static/legislator-photos/400347-50px.jpeg
"Rubio, Marco","Senior Senator for Florida, 2011-2022",https://govtrack.us/static/legislator-photos/412491-50px.jpeg
"Ruiz, Raul","Representative for California's 36th congressional district, 2013-2020",https://govtrack.us/static/legislator-photos/412519-50px.jpeg
"Ruppersberger, A. Dutch","Representative for Maryland's 2nd congressional district, 2003-2020",https://govtrack.us/static/legislator-photos/400349-50px.jpeg
"Rush, Bobby","Representative for Illinois's 1st congressional district, 1993-2020",https://govtrack.us/static/legislator-photos/400350-50px.jpeg
"Rutherford, John","Representative for Florida's 4th congressional district, 2017-2020",https://govtrack.us/static/legislator-photos/412692-50px.jpeg
"Ryan, Tim","Representative for Ohio's 13th congressional district, 2013-2020",https://govtrack.us/static/legislator-photos/400352-50px.jpeg
"Sablan, Gregorio","Representative for the Northern Mariana Islands, 2009-2020",https://govtrack.us/static/legislator-photos/412312-50px.jpeg
"San Nicolas, Michael","Representative for Guam, 2019-2020",https://govtrack.us/static/legislator-photos/412770-50px.jpeg
"Sanders, Bernard “Bernie”","Junior Senator for Vermont, 2007-2024",https://govtrack.us/static/legislator-photos/400357-50px.jpeg
"Sarbanes, John","Representative for Maryland's 3rd congressional district, 2007-2020",https://govtrack.us/static/legislator-photos/412212-50px.jpeg
"Sasse, Benjamin","Junior Senator for Nebraska, 2015-2020",https://govtrack.us/static/legislator-photos/412671-50px.jpeg
"Scalise, Steve","Representative for Louisiana's 1st congressional district, 2008-2020",https://govtrack.us/static/legislator-photos/412261-50px.jpeg
"Scanlon, Mary","Representative for Pennsylvania's 5th congressional district, 2019-2020",https://govtrack.us/static/legislator-photos/412750-50px.jpeg
"Schakowsky, Janice “Jan”","Representative for Illinois's 9th congressional district, 1999-2020",https://govtrack.us/static/legislator-photos/400360-50px.jpeg
"Schatz, Brian","Senior Senator for Hawaii, 2012-2022",https://govtrack.us/static/legislator-photos/412507-50px.jpeg
"Schiff, Adam","Representative for California's 28th congressional district, 2013-2020",https://govtrack.us/static/legislator-photos/400361-50px.jpeg
"Schneider, Bradley","Representative for Illinois's 10th congressional district, 2017-2020",https://govtrack.us/static/legislator-photos/412534-50px.jpeg
"Schrader, Kurt","Representative for Oregon's 5th congressional district, 2009-2020",https://govtrack.us/static/legislator-photos/412315-50px.jpeg
"Schrier, Kim","Representative for Washington's 8th congressional district, 2019-2020",https://govtrack.us/static/legislator-photos/412835-50px.jpeg
"Schumer, Charles “Chuck”","Senior Senator for New York, 1999-2022",https://govtrack.us/static/legislator-photos/300087-50px.jpeg
"Schweikert, David","Representative for Arizona's 6th congressional district, 2013-2020",https://govtrack.us/static/legislator-photos/412399-50px.jpeg
"Scott, Austin","Representative for Georgia's 8th congressional district, 2011-2020",https://govtrack.us/static/legislator-photos/412417-50px.jpeg
"Scott, David","Representative for Georgia's 13th congressional district, 2003-2020",https://govtrack.us/static/legislator-photos/400363-50px.jpeg
"Scott, Rick","Junior Senator for Florida, 2019-2024",https://govtrack.us/static/legislator-photos/412838-50px.jpeg
"Scott, Robert “Bobby”","Representative for Virginia's 3rd congressional district, 1993-2020",https://govtrack.us/static/legislator-photos/400364-50px.jpeg
"Scott, Tim","Junior Senator for South Carolina, 2013-2022",https://govtrack.us/static/legislator-photos/412471-50px.jpeg
"Sensenbrenner, James","Representative for Wisconsin's 5th congressional district, 2003-2020",https://govtrack.us/static/legislator-photos/400365-50px.jpeg
"Serrano, José","Representative for New York's 15th congressional district, 2013-2020",https://govtrack.us/static/legislator-photos/400366-50px.jpeg
"Sewell, Terri","Representative for Alabama's 7th congressional district, 2011-2020",https://govtrack.us/static/legislator-photos/412396-50px.jpeg
"Shaheen, Jeanne","Senior Senator for New Hampshire, 2009-2020",https://govtrack.us/static/legislator-photos/412323-50px.jpeg
"Shalala, Donna","Representative for Florida's 27th congressional district, 2019-2020",https://govtrack.us/static/legislator-photos/412768-50px.jpeg
"Shelby, Richard","Senior Senator for Alabama, 1987-2022",https://govtrack.us/static/legislator-photos/300089-50px.jpeg
"Sherman, Brad","Representative for California's 30th congressional district, 2013-2020",https://govtrack.us/static/legislator-photos/400371-50px.jpeg
"Sherrill, Mikie","Representative for New Jersey's 11th congressional district, 2019-2020",https://govtrack.us/static/legislator-photos/412799-50px.jpeg
"Shimkus, John","Representative for Illinois's 15th congressional district, 2013-2020",https://govtrack.us/static/legislator-photos/400373-50px.jpeg
"Simpson, Michael “Mike”","Representative for Idaho's 2nd congressional district, 1999-2020",https://govtrack.us/static/legislator-photos/400376-50px.jpeg
"Sinema, Kyrsten","Senior Senator for Arizona, 2019-2024",https://govtrack.us/static/legislator-photos/412509-50px.jpeg
"Sires, Albio","Representative for New Jersey's 8th congressional district, 2013-2020",https://govtrack.us/static/legislator-photos/412186-50px.jpeg
"Slotkin, Elissa","Representative for Michigan's 8th congressional district, 2019-2020",https://govtrack.us/static/legislator-photos/412784-50px.jpeg
"Smith, Adam","Representative for Washington's 9th congressional district, 1997-2020",https://govtrack.us/static/legislator-photos/400379-50px.jpeg
"Smith, Adrian","Representative for Nebraska's 3rd congressional district, 2007-2020",https://govtrack.us/static/legislator-photos/412217-50px.jpeg
"Smith, Christopher “Chris”","Representative for New Jersey's 4th congressional district, 1981-2020",https://govtrack.us/static/legislator-photos/400380-50px.jpeg
"Smith, Jason","Representative for Missouri's 8th congressional district, 2013-2020",https://govtrack.us/static/legislator-photos/412596-50px.jpeg
"Smith, Tina","Junior Senator for Minnesota, 2018-2020",https://govtrack.us/static/legislator-photos/412742-50px.jpeg
"Smucker, Lloyd","Representative for Pennsylvania's 11th congressional district, 2019-2020",https://govtrack.us/static/legislator-photos/412722-50px.jpeg
"Soto, Darren","Representative for Florida's 9th congressional district, 2017-2020",https://govtrack.us/static/legislator-photos/412695-50px.jpeg
"Spanberger, Abigail","Representative for Virginia's 7th congressional district, 2019-2020",https://govtrack.us/static/legislator-photos/412833-50px.jpeg
"Spano, Ross","Representative for Florida's 15th congressional district, 2019-2020",https://govtrack.us/static/legislator-photos/412765-50px.jpeg
"Speier, Jackie","Representative for California's 14th congressional district, 2013-2020",https://govtrack.us/static/legislator-photos/412259-50px.jpeg
"Stabenow, Debbie","Senior Senator for Michigan, 2001-2024",https://govtrack.us/static/legislator-photos/300093-50px.jpeg
"Stanton, Greg","Representative for Arizona's 9th congressional district, 2019-2020",https://govtrack.us/static/legislator-photos/412753-50px.jpeg
"Stauber, Pete","Representative for Minnesota's 8th congressional district, 2019-2020",https://govtrack.us/static/legislator-photos/412792-50px.jpeg
"Stefanik, Elise","Representative for New York's 21st congressional district, 2015-2020",https://govtrack.us/static/legislator-photos/412648-50px.jpeg
"Steil, Bryan","Representative for Wisconsin's 1st congressional district, 2019-2020",https://govtrack.us/static/legislator-photos/412836-50px.jpeg
"Steube, Gregory","Representative for Florida's 17th congressional district, 2019-2020",https://govtrack.us/static/legislator-photos/412766-50px.jpeg
"Stevens, Haley","Representative for Michigan's 11th congressional district, 2019-2020",https://govtrack.us/static/legislator-photos/412786-50px.jpeg
"Stewart, Chris","Representative for Utah's 2nd congressional district, 2013-2020",https://govtrack.us/static/legislator-photos/412581-50px.jpeg
"Stivers, Steve","Representative for Ohio's 15th congressional district, 2011-2020",https://govtrack.us/static/legislator-photos/412461-50px.jpeg
"Sullivan, Dan","Junior Senator for Alaska, 2015-2020",https://govtrack.us/static/legislator-photos/412665-50px.jpeg
"Suozzi, Thomas","Representative for New York's 3rd congressional district, 2017-2020",https://govtrack.us/static/legislator-photos/412717-50px.jpeg
"Swalwell, Eric","Representative for California's 15th congressional district, 2013-2020",https://govtrack.us/static/legislator-photos/412514-50px.jpeg
"Sánchez, Linda","Representative for California's 38th congressional district, 2013-2020",https://govtrack.us/static/legislator-photos/400355-50px.jpeg
"Takano, Mark","Representative for California's 41st congressional district, 2013-2020",https://govtrack.us/static/legislator-photos/412520-50px.jpeg
"Taylor, Van","Representative for Texas's 3rd congressional district, 2019-2020",https://govtrack.us/static/legislator-photos/412821-50px.jpeg
"Tester, Jon","Senior Senator for Montana, 2007-2024",https://govtrack.us/static/legislator-photos/412244-50px.jpeg
"Thompson, Bennie","Representative for Mississippi's 2nd congressional district, 1993-2020",https://govtrack.us/static/legislator-photos/400402-50px.jpeg
"Thompson, Glenn","Representative for Pennsylvania's 15th congressional district, 2019-2020",https://govtrack.us/static/legislator-photos/412317-50px.jpeg
"Thompson, Mike","Representative for California's 5th congressional district, 2013-2020",https://govtrack.us/static/legislator-photos/400403-50px.jpeg
"Thornberry, Mac","Representative for Texas's 13th congressional district, 1995-2020",https://govtrack.us/static/legislator-photos/400404-50px.jpeg
"Thune, John","Senior Senator for South Dakota, 2005-2022",https://govtrack.us/static/legislator-photos/400546-50px.jpeg
"Tillis, Thom","Junior Senator for North Carolina, 2015-2020",https://govtrack.us/static/legislator-photos/412668-50px.jpeg
"Timmons, William","Representative for South Carolina's 4th congressional district, 2019-2020",https://govtrack.us/static/legislator-photos/412815-50px.jpeg
"Tipton, Scott","Representative for Colorado's 3rd congressional district, 2011-2020",https://govtrack.us/static/legislator-photos/412405-50px.jpeg
"Titus, Dina","Representative for Nevada's 1st congressional district, 2013-2020",https://govtrack.us/static/legislator-photos/412318-50px.jpeg
"Tlaib, Rashida","Representative for Michigan's 13th congressional district, 2019-2020",https://govtrack.us/static/legislator-photos/412787-50px.jpeg
"Tonko, Paul","Representative for New York's 20th congressional district, 2013-2020",https://govtrack.us/static/legislator-photos/412319-50px.jpeg
"Toomey, Patrick “Pat”","Junior Senator for Pennsylvania, 2011-2022",https://govtrack.us/static/legislator-photos/400408-50px.jpeg
"Torres Small, Xochitl","Representative for New Mexico's 2nd congressional district, 2019-2020",https://govtrack.us/static/legislator-photos/412801-50px.jpeg
"Torres, Norma","Representative for California's 35th congressional district, 2015-2020",https://govtrack.us/static/legislator-photos/412617-50px.jpeg
"Trahan, Lori","Representative for Massachusetts's 3rd congressional district, 2019-2020",https://govtrack.us/static/legislator-photos/412781-50px.jpeg
"Trone, David","Representative for Maryland's 6th congressional district, 2019-2020",https://govtrack.us/static/legislator-photos/412783-50px.jpeg
"Turner, Michael","Representative for Ohio's 10th congressional district, 2013-2020",https://govtrack.us/static/legislator-photos/400411-50px.jpeg
"Udall, Tom","Senior Senator for New Mexico, 2009-2020",https://govtrack.us/static/legislator-photos/400413-50px.jpeg
"Underwood, Lauren","Representative for Illinois's 14th congressional district, 2019-2020",https://govtrack.us/static/legislator-photos/412776-50px.jpeg
"Upton, Fred","Representative for Michigan's 6th congressional district, 1993-2020",https://govtrack.us/static/legislator-photos/400414-50px.jpeg
"Van Drew, Jefferson","Representative for New Jersey's 2nd congressional district, 2019-2020",https://govtrack.us/static/legislator-photos/412796-50px.jpeg
"Van Hollen, Chris","Junior Senator for Maryland, 2017-2022",https://govtrack.us/static/legislator-photos/400415-50px.jpeg
"Vargas, Juan","Representative for California's 51st congressional district, 2013-2020",https://govtrack.us/static/legislator-photos/412522-50px.jpeg
"Veasey, Marc","Representative for Texas's 33rd congressional district, 2013-2020",https://govtrack.us/static/legislator-photos/412579-50px.jpeg
"Vela, Filemon","Representative for Texas's 34th congressional district, 2013-2020",https://govtrack.us/static/legislator-photos/412580-50px.jpeg
"Velázquez, Nydia","Representative for New York's 7th congressional district, 2013-2020",https://govtrack.us/static/legislator-photos/400416-50px.jpeg
"Visclosky, Peter","Representative for Indiana's 1st congressional district, 1985-2020",https://govtrack.us/static/legislator-photos/400417-50px.jpeg
"Wagner, Ann","Representative for Missouri's 2nd congressional district, 2013-2020",https://govtrack.us/static/legislator-photos/412548-50px.jpeg
"Walberg, Tim","Representative for Michigan's 7th congressional district, 2011-2020",https://govtrack.us/static/legislator-photos/412213-50px.jpeg
"Walden, Greg","Representative for Oregon's 2nd congressional district, 1999-2020",https://govtrack.us/static/legislator-photos/400419-50px.jpeg
"Walker, Mark","Representative for North Carolina's 6th congressional district, 2015-2020",https://govtrack.us/static/legislator-photos/412670-50px.jpeg
"Walorski, Jackie","Representative for Indiana's 2nd congressional district, 2013-2020",https://govtrack.us/static/legislator-photos/412538-50px.jpeg
"Waltz, Michael","Representative for Florida's 6th congressional district, 2019-2020",https://govtrack.us/static/legislator-photos/412764-50px.jpeg
"Warner, Mark","Senior Senator for Virginia, 2009-2020",https://govtrack.us/static/legislator-photos/412321-50px.jpeg
"Warren, Elizabeth","Senior Senator for Massachusetts, 2013-2024",https://govtrack.us/static/legislator-photos/412542-50px.jpeg
"Wasserman Schultz, Debbie","Representative for Florida's 23rd congressional district, 2013-2020",https://govtrack.us/static/legislator-photos/400623-50px.jpeg
"Waters, Maxine","Representative for California's 43rd congressional district, 2013-2020",https://govtrack.us/static/legislator-photos/400422-50px.jpeg
"Watkins, Steven","Representative for Kansas's 2nd congressional district, 2019-2020",https://govtrack.us/static/legislator-photos/412779-50px.jpeg
"Watson Coleman, Bonnie","Representative for New Jersey's 12th congressional district, 2015-2020",https://govtrack.us/static/legislator-photos/412644-50px.jpeg
"Weber, Randy","Representative for Texas's 14th congressional district, 2013-2020",https://govtrack.us/static/legislator-photos/412574-50px.jpeg
"Webster, Daniel","Representative for Florida's 11th congressional district, 2017-2020",https://govtrack.us/static/legislator-photos/412410-50px.jpeg
"Welch, Peter","Representative for Vermont At Large, 2007-2020",https://govtrack.us/static/legislator-photos/412239-50px.jpeg
"Wenstrup, Brad","Representative for Ohio's 2nd congressional district, 2013-2020",https://govtrack.us/static/legislator-photos/412564-50px.jpeg
"Westerman, Bruce","Representative for Arkansas's 4th congressional district, 2015-2020",https://govtrack.us/static/legislator-photos/412610-50px.jpeg
"Wexton, Jennifer","Representative for Virginia's 10th congressional district, 2019-2020",https://govtrack.us/static/legislator-photos/412834-50px.jpeg
"Whitehouse, Sheldon","Junior Senator for Rhode Island, 2007-2024",https://govtrack.us/static/legislator-photos/412247-50px.jpeg
"Wicker, Roger","Senior Senator for Mississippi, 2007-2024",https://govtrack.us/static/legislator-photos/400432-50px.jpeg
"Wild, Susan","Representative for Pennsylvania's 7th congressional district, 2019-2020",https://govtrack.us/static/legislator-photos/412751-50px.jpeg
"Williams, Roger","Representative for Texas's 25th congressional district, 2013-2020",https://govtrack.us/static/legislator-photos/412578-50px.jpeg
"Wilson, Frederica","Representative for Florida's 24th congressional district, 2013-2020",https://govtrack.us/static/legislator-photos/412412-50px.jpeg
"Wilson, Joe","Representative for South Carolina's 2nd congressional district, 2001-2020",https://govtrack.us/static/legislator-photos/400433-50px.jpeg
"Wittman, Robert","Representative for Virginia's 1st congressional district, 2007-2020",https://govtrack.us/static/legislator-photos/412255-50px.jpeg
"Womack, Steve","Representative for Arkansas's 3rd congressional district, 2011-2020",https://govtrack.us/static/legislator-photos/412402-50px.jpeg
"Woodall, Rob","Representative for Georgia's 7th congressional district, 2011-2020",https://govtrack.us/static/legislator-photos/412416-50px.jpeg
"Wright, Ron","Representative for Texas's 6th congressional district, 2019-2020",https://govtrack.us/static/legislator-photos/412823-50px.jpeg
"Wyden, Ron","Senior Senator for Oregon, 1996-2022",https://govtrack.us/static/legislator-photos/300100-50px.jpeg
"Yarmuth, John","Representative for Kentucky's 3rd congressional district, 2007-2020",https://govtrack.us/static/legislator-photos/412211-50px.jpeg
"Yoho, Ted","Representative for Florida's 3rd congressional district, 2013-2020",https://govtrack.us/static/legislator-photos/412525-50px.jpeg
"Young, Don","Representative for Alaska At Large, 1973-2020",https://govtrack.us/static/legislator-photos/400440-50px.jpeg
"Young, Todd","Senior Senator for Indiana, 2017-2022",https://govtrack.us/static/legislator-photos/412428-50px.jpeg
"Zeldin, Lee","Representative for New York's 1st congressional district, 2015-2020",https://govtrack.us/static/legislator-photos/412646-50px.jpeg
